datetime,value,index_name
2019-01-01 00:00:00.000000,0.9816879198620676,ARVI
2019-01-17 00:00:00.000000,0.8016728145278506,ARVI
2019-02-02 00:00:00.000000,0.8334255015473397,ARVI
2019-02-18 00:00:00.000000,0.8570330911286523,ARVI
2019-03-06 00:00:00.000000,0.8419501030135418,ARVI
2019-03-22 00:00:00.000000,0.837700814203187,ARVI
2019-04-07 00:00:00.000000,0.8255119221208687,ARVI
2019-04-23 00:00:00.000000,0.8714572084783189,ARVI
2019-05-09 00:00:00.000000,0.8363835186654276,ARVI
2019-05-25 00:00:00.000000,0.8217733422710775,ARVI
2019-06-10 00:00:00.000000,0.8614739660463104,ARVI
2019-06-26 00:00:00.000000,0.7700794457860359,ARVI
2019-07-12 00:00:00.000000,0.7841718099515894,ARVI
2019-07-28 00:00:00.000000,0.7656835688449378,ARVI
2019-08-13 00:00:00.000000,0.7453740609623202,ARVI
2019-08-29 00:00:00.000000,0.7833207196058731,ARVI
2019-09-14 00:00:00.000000,0.7641382771090903,ARVI
2019-09-30 00:00:00.000000,0.7964017326052104,ARVI
2019-10-16 00:00:00.000000,0.8372617130202171,ARVI
2019-11-01 00:00:00.000000,0.7769952574306586,ARVI
2019-11-17 00:00:00.000000,-0.15963918505027944,ARVI
2019-12-03 00:00:00.000000,0.6943311475211752,ARVI
2019-12-19 00:00:00.000000,0.8563634970432266,ARVI
2020-01-01 00:00:00.000000,0.8659756615313557,ARVI
2020-01-17 00:00:00.000000,0.039940054221381555,ARVI
2020-02-02 00:00:00.000000,0.8598260061956782,ARVI
2020-02-18 00:00:00.000000,0.9439403594669236,ARVI
2020-03-05 00:00:00.000000,0.8960166051818543,ARVI
2020-03-21 00:00:00.000000,0.9059566069858648,ARVI
2020-04-06 00:00:00.000000,1.022120362193484,ARVI
2020-04-22 00:00:00.000000,0.9188898913361202,ARVI
2020-05-08 00:00:00.000000,0.85159057061397,ARVI
2020-05-24 00:00:00.000000,0.792543902942785,ARVI
2020-06-09 00:00:00.000000,0.7796113240265317,ARVI
2020-06-25 00:00:00.000000,0.8047991833466618,ARVI
2020-07-11 00:00:00.000000,0.7923307964948358,ARVI
2020-07-27 00:00:00.000000,0.8451745601286844,ARVI
2020-08-12 00:00:00.000000,0.7831005774319598,ARVI
2020-08-28 00:00:00.000000,0.7650895777493363,ARVI
2020-09-13 00:00:00.000000,0.7077754336136062,ARVI
2020-09-29 00:00:00.000000,0.7577944470996929,ARVI
2020-10-15 00:00:00.000000,-0.21808853534879444,ARVI
2020-10-31 00:00:00.000000,0.8742274288546414,ARVI
2020-11-16 00:00:00.000000,0.7569066059787433,ARVI
2020-12-02 00:00:00.000000,0.8275749276491264,ARVI
2020-12-18 00:00:00.000000,0.8981224956873674,ARVI
2021-01-01 00:00:00.000000,0.06477652657527061,ARVI
2021-01-17 00:00:00.000000,0.8331639772704064,ARVI
2021-02-02 00:00:00.000000,0.8830536003836789,ARVI
2021-02-18 00:00:00.000000,0.9613541479049071,ARVI
2021-03-06 00:00:00.000000,-0.32126409677617423,ARVI
2021-03-22 00:00:00.000000,0.8504942452204958,ARVI
2021-04-07 00:00:00.000000,0.8473419476208094,ARVI
2021-04-23 00:00:00.000000,0.8754494561640394,ARVI
2021-05-09 00:00:00.000000,0.6211659916174023,ARVI
2021-05-25 00:00:00.000000,0.7979536243153859,ARVI
2021-06-10 00:00:00.000000,0.8523523945062742,ARVI
2021-06-26 00:00:00.000000,0.9028312229561992,ARVI
2021-07-12 00:00:00.000000,0.7430320845710265,ARVI
2021-07-28 00:00:00.000000,0.7609421133691074,ARVI
2021-08-13 00:00:00.000000,0.7235503900835515,ARVI
2021-08-29 00:00:00.000000,0.7365082601454348,ARVI
2021-09-14 00:00:00.000000,0.718585012315207,ARVI
2021-09-30 00:00:00.000000,0.7479612470523913,ARVI
2021-10-16 00:00:00.000000,0.053893314030983644,ARVI
2021-11-01 00:00:00.000000,0.41060050655313296,ARVI
2021-11-17 00:00:00.000000,0.8696919822049625,ARVI
2021-12-03 00:00:00.000000,-0.07084413077617736,ARVI
2021-12-19 00:00:00.000000,0.9086363976380442,ARVI
2022-01-01 00:00:00.000000,0.9402969884040591,ARVI
2022-01-17 00:00:00.000000,0.9429815734042843,ARVI
2022-02-02 00:00:00.000000,1.089703979858704,ARVI
2022-02-18 00:00:00.000000,0.9412873155896084,ARVI
2022-03-06 00:00:00.000000,0.9447667900618374,ARVI
2022-03-22 00:00:00.000000,0.36721181416723986,ARVI
2022-04-07 00:00:00.000000,0.790543928735847,ARVI
2022-04-23 00:00:00.000000,0.8348871138185029,ARVI
2022-05-09 00:00:00.000000,0.874692168620368,ARVI
2022-05-25 00:00:00.000000,0.7972584956030316,ARVI
2022-06-10 00:00:00.000000,0.8362398901485316,ARVI
2022-06-26 00:00:00.000000,0.7769645695856097,ARVI
2022-07-12 00:00:00.000000,0.7665481998675372,ARVI
2022-07-28 00:00:00.000000,0.73602425388621,ARVI
2022-08-13 00:00:00.000000,0.7624428057199518,ARVI
2022-08-29 00:00:00.000000,0.7099024068818169,ARVI
2022-09-14 00:00:00.000000,0.5775936056809334,ARVI
2022-09-30 00:00:00.000000,0.9043860408397251,ARVI
2022-10-16 00:00:00.000000,0.6470530047862554,ARVI
2022-11-01 00:00:00.000000,1.0485556972418395,ARVI
2022-11-17 00:00:00.000000,0.8212035690857671,ARVI
2022-12-03 00:00:00.000000,0.7890476969725979,ARVI
2022-12-19 00:00:00.000000,-0.7228925490766899,ARVI
2023-01-01 00:00:00.000000,0.8553260543184484,ARVI
2023-01-17 00:00:00.000000,0.6955243560918773,ARVI
2023-02-02 00:00:00.000000,0.87003442044693,ARVI
2023-02-18 00:00:00.000000,0.9909907980175586,ARVI
2023-03-06 00:00:00.000000,0.8408294275919832,ARVI
2023-03-22 00:00:00.000000,0.8935206235542562,ARVI
2023-04-07 00:00:00.000000,0.8530342710029408,ARVI
2023-04-23 00:00:00.000000,0.9035369973378506,ARVI
2023-05-09 00:00:00.000000,0.8410383950250063,ARVI
2023-05-25 00:00:00.000000,0.8315545976155414,ARVI
2023-06-10 00:00:00.000000,0.8653805800182641,ARVI
2023-06-26 00:00:00.000000,0.8356684834294739,ARVI
2023-07-12 00:00:00.000000,0.8433561123332474,ARVI
2023-07-28 00:00:00.000000,0.7852154428090513,ARVI
2023-08-13 00:00:00.000000,0.850824129570141,ARVI
2023-08-29 00:00:00.000000,0.8781962975624699,ARVI
2023-09-14 00:00:00.000000,0.7710992113739291,ARVI
2023-09-30 00:00:00.000000,0.15492219268831714,ARVI
2023-10-16 00:00:00.000000,0.552764299241296,ARVI
2023-11-01 00:00:00.000000,0.8474267004722685,ARVI
2023-11-17 00:00:00.000000,0.11004496983677292,ARVI
2023-12-03 00:00:00.000000,0.8745378931362678,ARVI
2023-12-19 00:00:00.000000,0.9832847047167064,ARVI
2024-01-01 00:00:00.000000,0.7157917459008348,ARVI
2024-01-17 00:00:00.000000,0.932290273190249,ARVI
2024-02-02 00:00:00.000000,0.9224364698088103,ARVI
2024-02-18 00:00:00.000000,0.991215153590297,ARVI
2024-03-05 00:00:00.000000,0.9197799063647569,ARVI
2024-03-21 00:00:00.000000,0.8130120213747621,ARVI
2024-04-06 00:00:00.000000,0.9399586482653937,ARVI
2024-04-22 00:00:00.000000,0.8901251700781588,ARVI
2024-05-08 00:00:00.000000,0.8781645992628777,ARVI
2024-05-24 00:00:00.000000,0.8175141388287435,ARVI
2024-06-09 00:00:00.000000,0.8009300948146216,ARVI
2024-06-25 00:00:00.000000,0.828709100479414,ARVI
2024-07-11 00:00:00.000000,0.7519266956960553,ARVI
2024-07-27 00:00:00.000000,0.9102173054908931,ARVI
2024-08-12 00:00:00.000000,0.7722428704412191,ARVI
2024-08-28 00:00:00.000000,0.7335628178687528,ARVI
2024-09-13 00:00:00.000000,0.7387752116080843,ARVI
2024-09-29 00:00:00.000000,0.7963792015292944,ARVI
2024-10-15 00:00:00.000000,-0.053986702752670195,ARVI
2024-10-31 00:00:00.000000,0.33553347444583426,ARVI
2024-11-16 00:00:00.000000,0.8156507569374855,ARVI
2024-12-02 00:00:00.000000,1.011318949556666,ARVI
2024-12-18 00:00:00.000000,0.764172774453706,ARVI
2025-01-01 00:00:00.000000,0.9694818312084336,ARVI
2025-01-17 00:00:00.000000,0.9028619426715865,ARVI
2025-02-02 00:00:00.000000,0.9162244584963445,ARVI
2025-02-18 00:00:00.000000,0.9152605395329675,ARVI
2025-03-06 00:00:00.000000,0.9258872211014243,ARVI
2025-03-22 00:00:00.000000,0.8734567618572411,ARVI
2025-04-07 00:00:00.000000,1.0143317380804,ARVI
2025-04-23 00:00:00.000000,0.40152331635213534,ARVI
2025-05-09 00:00:00.000000,0.929185818494239,ARVI
2025-05-25 00:00:00.000000,0.9768636581566076,ARVI
2019-01-01 00:00:00.000000,-0.45215023757529843,BSI
2019-01-17 00:00:00.000000,-0.7143940384860352,BSI
2019-02-02 00:00:00.000000,-0.6648901309206277,BSI
2019-02-18 00:00:00.000000,-0.7031986525026304,BSI
2019-03-06 00:00:00.000000,-0.7559440159665585,BSI
2019-03-22 00:00:00.000000,-0.7070381416867566,BSI
2019-04-07 00:00:00.000000,-0.776456814781071,BSI
2019-04-23 00:00:00.000000,-0.6261760073125888,BSI
2019-05-09 00:00:00.000000,-0.7542528984207651,BSI
2019-05-25 00:00:00.000000,-0.5841801264443452,BSI
2019-06-10 00:00:00.000000,-0.5303406395903941,BSI
2019-06-26 00:00:00.000000,-0.7581756433371233,BSI
2019-07-12 00:00:00.000000,-0.7604949937062757,BSI
2019-07-28 00:00:00.000000,-0.7135149550776638,BSI
2019-08-13 00:00:00.000000,-0.6787564764351333,BSI
2019-08-29 00:00:00.000000,-0.6487981071354754,BSI
2019-09-14 00:00:00.000000,-0.5891828661208168,BSI
2019-09-30 00:00:00.000000,-0.33517536805419673,BSI
2019-10-16 00:00:00.000000,-0.5082865887819803,BSI
2019-11-01 00:00:00.000000,-0.6679141764877666,BSI
2019-11-17 00:00:00.000000,0.07538477046416968,BSI
2019-12-03 00:00:00.000000,-0.3951670882507091,BSI
2019-12-19 00:00:00.000000,-0.40428291397010335,BSI
2020-01-01 00:00:00.000000,-0.5702356329564356,BSI
2020-01-17 00:00:00.000000,0.033145787406648086,BSI
2020-02-02 00:00:00.000000,-0.48339997868747986,BSI
2020-02-18 00:00:00.000000,-0.3487042172292418,BSI
2020-03-05 00:00:00.000000,-0.4215289774472368,BSI
2020-03-21 00:00:00.000000,-0.6354436662013744,BSI
2020-04-06 00:00:00.000000,-0.285120219839088,BSI
2020-04-22 00:00:00.000000,-0.5948160249582628,BSI
2020-05-08 00:00:00.000000,-0.7015457661588481,BSI
2020-05-24 00:00:00.000000,-0.7884386016363771,BSI
2020-06-09 00:00:00.000000,-0.7637710850281323,BSI
2020-06-25 00:00:00.000000,-0.7818797923499128,BSI
2020-07-11 00:00:00.000000,-0.7050634908156094,BSI
2020-07-27 00:00:00.000000,-0.5075340951076002,BSI
2020-08-12 00:00:00.000000,-0.7223875932136252,BSI
2020-08-28 00:00:00.000000,-0.6674563727351216,BSI
2020-09-13 00:00:00.000000,-0.6373674215560569,BSI
2020-09-29 00:00:00.000000,-0.6276767546179653,BSI
2020-10-15 00:00:00.000000,0.03132892255138978,BSI
2020-10-31 00:00:00.000000,-0.344011503136949,BSI
2020-11-16 00:00:00.000000,-0.36419987424182715,BSI
2020-12-02 00:00:00.000000,-0.7202742898036792,BSI
2020-12-18 00:00:00.000000,-0.43219957247396434,BSI
2021-01-01 00:00:00.000000,0.05752715173879363,BSI
2021-01-17 00:00:00.000000,-0.7006637306354822,BSI
2021-02-02 00:00:00.000000,-0.40203549655329995,BSI
2021-02-18 00:00:00.000000,-0.5507121490715826,BSI
2021-03-06 00:00:00.000000,0.015391291535010737,BSI
2021-03-22 00:00:00.000000,-0.6899329959848483,BSI
2021-04-07 00:00:00.000000,-0.67874592230932,BSI
2021-04-23 00:00:00.000000,-0.6907134112454518,BSI
2021-05-09 00:00:00.000000,-0.19969932965264797,BSI
2021-05-25 00:00:00.000000,-0.7156142549484774,BSI
2021-06-10 00:00:00.000000,-0.6675250488084681,BSI
2021-06-26 00:00:00.000000,-0.45941755638092424,BSI
2021-07-12 00:00:00.000000,-0.6886598511426114,BSI
2021-07-28 00:00:00.000000,-0.6383796452533259,BSI
2021-08-13 00:00:00.000000,-0.6174664501612696,BSI
2021-08-29 00:00:00.000000,-0.6229089941481949,BSI
2021-09-14 00:00:00.000000,-0.5806640003816229,BSI
2021-09-30 00:00:00.000000,-0.6029410456698784,BSI
2021-10-16 00:00:00.000000,0.035843221644409055,BSI
2021-11-01 00:00:00.000000,-0.1302753427746436,BSI
2021-11-17 00:00:00.000000,-0.3037380067033152,BSI
2021-12-03 00:00:00.000000,0.02364947625585576,BSI
2021-12-19 00:00:00.000000,-0.22038215347393064,BSI
2022-01-01 00:00:00.000000,-0.17527240445270126,BSI
2022-01-17 00:00:00.000000,-0.47748751723657573,BSI
2022-02-02 00:00:00.000000,-0.14362725541173801,BSI
2022-02-18 00:00:00.000000,-0.4391233264569008,BSI
2022-03-06 00:00:00.000000,-0.5651665103671708,BSI
2022-03-22 00:00:00.000000,-0.026832948861075213,BSI
2022-04-07 00:00:00.000000,-0.41134525546473505,BSI
2022-04-23 00:00:00.000000,-0.7149201630639239,BSI
2022-05-09 00:00:00.000000,-0.705121181015155,BSI
2022-05-25 00:00:00.000000,-0.6954412117382215,BSI
2022-06-10 00:00:00.000000,-0.6927501533236189,BSI
2022-06-26 00:00:00.000000,-0.6317019396699863,BSI
2022-07-12 00:00:00.000000,-0.6429858040498093,BSI
2022-07-28 00:00:00.000000,-0.677056633832592,BSI
2022-08-13 00:00:00.000000,-0.6456803037000189,BSI
2022-08-29 00:00:00.000000,-0.599892028276685,BSI
2022-09-14 00:00:00.000000,-0.3288936036408581,BSI
2022-09-30 00:00:00.000000,-0.45558509486395427,BSI
2022-10-16 00:00:00.000000,-0.22584028252657184,BSI
2022-11-01 00:00:00.000000,-0.20347258997489087,BSI
2022-11-17 00:00:00.000000,-0.6439433418556751,BSI
2022-12-03 00:00:00.000000,-0.4002967676124027,BSI
2022-12-19 00:00:00.000000,0.04477133370493569,BSI
2023-01-01 00:00:00.000000,-0.38319090634233116,BSI
2023-01-17 00:00:00.000000,-0.2355385430575259,BSI
2023-02-02 00:00:00.000000,-0.6021024514984131,BSI
2023-02-18 00:00:00.000000,-0.3893132427734676,BSI
2023-03-06 00:00:00.000000,-0.37220721451827343,BSI
2023-03-22 00:00:00.000000,-0.7064494992001036,BSI
2023-04-07 00:00:00.000000,-0.7003401190225359,BSI
2023-04-23 00:00:00.000000,-0.7002133976462812,BSI
2023-05-09 00:00:00.000000,-0.7308815284234953,BSI
2023-05-25 00:00:00.000000,-0.6833933149118104,BSI
2023-06-10 00:00:00.000000,-0.6948597088460015,BSI
2023-06-26 00:00:00.000000,-0.6875395593847684,BSI
2023-07-12 00:00:00.000000,-0.6341870132048274,BSI
2023-07-28 00:00:00.000000,-0.6782062670287751,BSI
2023-08-13 00:00:00.000000,-0.531859713051513,BSI
2023-08-29 00:00:00.000000,-0.16545062329015792,BSI
2023-09-14 00:00:00.000000,-0.6329000612315847,BSI
2023-09-30 00:00:00.000000,-0.018961132534315774,BSI
2023-10-16 00:00:00.000000,-0.0938299905651557,BSI
2023-11-01 00:00:00.000000,-0.6544204102569016,BSI
2023-11-17 00:00:00.000000,-0.024073653372471877,BSI
2023-12-03 00:00:00.000000,-0.5423908473377301,BSI
2023-12-19 00:00:00.000000,-0.5290953219481896,BSI
2024-01-01 00:00:00.000000,-0.18283601648853628,BSI
2024-01-17 00:00:00.000000,-0.4881592190311548,BSI
2024-02-02 00:00:00.000000,-0.5502866806189541,BSI
2024-02-18 00:00:00.000000,-0.46849526676372105,BSI
2024-03-05 00:00:00.000000,-0.5576026362274036,BSI
2024-03-21 00:00:00.000000,-0.35172306194821235,BSI
2024-04-06 00:00:00.000000,-0.6545590360444586,BSI
2024-04-22 00:00:00.000000,-0.723857254613247,BSI
2024-05-08 00:00:00.000000,-0.7199026032248805,BSI
2024-05-24 00:00:00.000000,-0.7384007064636793,BSI
2024-06-09 00:00:00.000000,-0.7426113775422196,BSI
2024-06-25 00:00:00.000000,-0.7022110133306767,BSI
2024-07-11 00:00:00.000000,-0.7142358038435255,BSI
2024-07-27 00:00:00.000000,-0.37665607420521313,BSI
2024-08-12 00:00:00.000000,-0.6715215355917142,BSI
2024-08-28 00:00:00.000000,-0.640587708195316,BSI
2024-09-13 00:00:00.000000,-0.5834746631875094,BSI
2024-09-29 00:00:00.000000,-0.432772852558841,BSI
2024-10-15 00:00:00.000000,0.051352703710710615,BSI
2024-10-31 00:00:00.000000,0.143225877190005,BSI
2024-11-16 00:00:00.000000,-0.5360482252541205,BSI
2024-12-02 00:00:00.000000,-0.4227626252759111,BSI
2024-12-18 00:00:00.000000,-0.35620850702840995,BSI
2025-01-01 00:00:00.000000,-0.24640969075048536,BSI
2025-01-17 00:00:00.000000,-0.5765591457263955,BSI
2025-02-02 00:00:00.000000,-0.6204854439574397,BSI
2025-02-18 00:00:00.000000,-0.4816261408492856,BSI
2025-03-06 00:00:00.000000,-0.4542295197605436,BSI
2025-03-22 00:00:00.000000,-0.3159619016936923,BSI
2025-04-07 00:00:00.000000,-0.5544416459103563,BSI
2025-04-23 00:00:00.000000,-0.152247768968397,BSI
2025-05-09 00:00:00.000000,-0.5208170867959762,BSI
2025-05-25 00:00:00.000000,-0.4991254501571647,BSI
2019-01-01 00:00:00.000000,0.43456589554685293,CDI
2019-01-17 00:00:00.000000,0.7653342218078285,CDI
2019-02-02 00:00:00.000000,0.69174428796617,CDI
2019-02-18 00:00:00.000000,0.7281581761827628,CDI
2019-03-06 00:00:00.000000,0.795111332076274,CDI
2019-03-22 00:00:00.000000,0.7346102903299665,CDI
2019-04-07 00:00:00.000000,0.8355713543516186,CDI
2019-04-23 00:00:00.000000,0.6524410956126845,CDI
2019-05-09 00:00:00.000000,0.7907112644996944,CDI
2019-05-25 00:00:00.000000,0.579961016304769,CDI
2019-06-10 00:00:00.000000,0.5400267319042531,CDI
2019-06-26 00:00:00.000000,0.8429237362567268,CDI
2019-07-12 00:00:00.000000,0.8338843746891564,CDI
2019-07-28 00:00:00.000000,0.7834792897488241,CDI
2019-08-13 00:00:00.000000,0.7573825168339965,CDI
2019-08-29 00:00:00.000000,0.6983309957442795,CDI
2019-09-14 00:00:00.000000,0.6419075049614079,CDI
2019-09-30 00:00:00.000000,0.3251866827448982,CDI
2019-10-16 00:00:00.000000,0.5207899898511094,CDI
2019-11-01 00:00:00.000000,0.7257773184619967,CDI
2019-11-17 00:00:00.000000,-0.18497023698730972,CDI
2019-12-03 00:00:00.000000,0.3537026266747517,CDI
2019-12-19 00:00:00.000000,0.3652279580537187,CDI
2020-01-01 00:00:00.000000,0.5778437374922346,CDI
2020-01-17 00:00:00.000000,-0.11044619813857051,CDI
2020-02-02 00:00:00.000000,0.45864466258039793,CDI
2020-02-18 00:00:00.000000,0.3056893605371675,CDI
2020-03-05 00:00:00.000000,0.3880005103109296,CDI
2020-03-21 00:00:00.000000,0.6253054836233588,CDI
2020-04-06 00:00:00.000000,0.22674968266086498,CDI
2020-04-22 00:00:00.000000,0.5794037480473659,CDI
2020-05-08 00:00:00.000000,0.7234428082223993,CDI
2020-05-24 00:00:00.000000,0.8694482704311599,CDI
2020-06-09 00:00:00.000000,0.8439824284234387,CDI
2020-06-25 00:00:00.000000,0.8491088750349698,CDI
2020-07-11 00:00:00.000000,0.7593757641758608,CDI
2020-07-27 00:00:00.000000,0.5096579670917216,CDI
2020-08-12 00:00:00.000000,0.7847226797439228,CDI
2020-08-28 00:00:00.000000,0.7254363972392219,CDI
2020-09-13 00:00:00.000000,0.7219952523987947,CDI
2020-09-29 00:00:00.000000,0.6867919189264903,CDI
2020-10-15 00:00:00.000000,-0.22589597031658565,CDI
2020-10-31 00:00:00.000000,0.31315957210701584,CDI
2020-11-16 00:00:00.000000,0.3399308784579603,CDI
2020-12-02 00:00:00.000000,0.7576370848524777,CDI
2020-12-18 00:00:00.000000,0.4305046519435487,CDI
2021-01-01 00:00:00.000000,-0.15329675287156536,CDI
2021-01-17 00:00:00.000000,0.7265829511144958,CDI
2021-02-02 00:00:00.000000,0.34776078125620713,CDI
2021-02-18 00:00:00.000000,0.5133584588359695,CDI
2021-03-06 00:00:00.000000,-0.08054559208764434,CDI
2021-03-22 00:00:00.000000,0.7061239911409797,CDI
2021-04-07 00:00:00.000000,0.695218084522779,CDI
2021-04-23 00:00:00.000000,0.6916317981230745,CDI
2021-05-09 00:00:00.000000,0.11131779765374891,CDI
2021-05-25 00:00:00.000000,0.7656444073879464,CDI
2021-06-10 00:00:00.000000,0.6861818712549445,CDI
2021-06-26 00:00:00.000000,0.4152519538688841,CDI
2021-07-12 00:00:00.000000,0.7634823687914373,CDI
2021-07-28 00:00:00.000000,0.6959054366737464,CDI
2021-08-13 00:00:00.000000,0.6872327926880106,CDI
2021-08-29 00:00:00.000000,0.6894369779050963,CDI
2021-09-14 00:00:00.000000,0.6440121708854656,CDI
2021-09-30 00:00:00.000000,0.6620759815756595,CDI
2021-10-16 00:00:00.000000,-0.17917880809754788,CDI
2021-11-01 00:00:00.000000,0.05382313985747711,CDI
2021-11-17 00:00:00.000000,0.2176560536790396,CDI
2021-12-03 00:00:00.000000,-0.09202588687607847,CDI
2021-12-19 00:00:00.000000,0.14484884164335862,CDI
2022-01-01 00:00:00.000000,0.0790910141881924,CDI
2022-01-17 00:00:00.000000,0.45627164993995634,CDI
2022-02-02 00:00:00.000000,0.07482362045319761,CDI
2022-02-18 00:00:00.000000,0.39834193218937486,CDI
2022-03-06 00:00:00.000000,0.5410864830519362,CDI
2022-03-22 00:00:00.000000,-0.06030766329751418,CDI
2022-04-07 00:00:00.000000,0.3458274584499492,CDI
2022-04-23 00:00:00.000000,0.743448491499275,CDI
2022-05-09 00:00:00.000000,0.7040295645208055,CDI
2022-05-25 00:00:00.000000,0.7421933360200987,CDI
2022-06-10 00:00:00.000000,0.7169977087088315,CDI
2022-06-26 00:00:00.000000,0.684850969055595,CDI
2022-07-12 00:00:00.000000,0.702343146989087,CDI
2022-07-28 00:00:00.000000,0.7545576143795577,CDI
2022-08-13 00:00:00.000000,0.7040379973791178,CDI
2022-08-29 00:00:00.000000,0.6768374322848326,CDI
2022-09-14 00:00:00.000000,0.331149359638549,CDI
2022-09-30 00:00:00.000000,0.4556652137258699,CDI
2022-10-16 00:00:00.000000,0.16311634113465098,CDI
2022-11-01 00:00:00.000000,0.1747056817227366,CDI
2022-11-17 00:00:00.000000,0.6792947832826811,CDI
2022-12-03 00:00:00.000000,0.37277049702149556,CDI
2022-12-19 00:00:00.000000,-0.15798951700497746,CDI
2023-01-01 00:00:00.000000,0.3307737667527384,CDI
2023-01-17 00:00:00.000000,0.16146549368620886,CDI
2023-02-02 00:00:00.000000,0.6089966408603378,CDI
2023-02-18 00:00:00.000000,0.34212314706312097,CDI
2023-03-06 00:00:00.000000,0.34414416629169836,CDI
2023-03-22 00:00:00.000000,0.7036899332396251,CDI
2023-04-07 00:00:00.000000,0.7174137283293577,CDI
2023-04-23 00:00:00.000000,0.6905421366040043,CDI
2023-05-09 00:00:00.000000,0.7577982197704122,CDI
2023-05-25 00:00:00.000000,0.7095541537507379,CDI
2023-06-10 00:00:00.000000,0.7065705171427672,CDI
2023-06-26 00:00:00.000000,0.7164862741664755,CDI
2023-07-12 00:00:00.000000,0.6579235825748783,CDI
2023-07-28 00:00:00.000000,0.7323193342536787,CDI
2023-08-13 00:00:00.000000,0.5439179342551665,CDI
2023-08-29 00:00:00.000000,0.13326967597123193,CDI
2023-09-14 00:00:00.000000,0.6908279963719464,CDI
2023-09-30 00:00:00.000000,-0.10198513312599612,CDI
2023-10-16 00:00:00.000000,-0.023741063210109704,CDI
2023-11-01 00:00:00.000000,0.6756932983370637,CDI
2023-11-17 00:00:00.000000,-0.47674182472430654,CDI
2023-12-03 00:00:00.000000,0.5334606796996249,CDI
2023-12-19 00:00:00.000000,0.495216358326079,CDI
2024-01-01 00:00:00.000000,0.09035274076832434,CDI
2024-01-17 00:00:00.000000,0.458530386858353,CDI
2024-02-02 00:00:00.000000,0.5419415881896901,CDI
2024-02-18 00:00:00.000000,0.4383519950378088,CDI
2024-03-05 00:00:00.000000,0.5394773974752516,CDI
2024-03-21 00:00:00.000000,0.3123464136244773,CDI
2024-04-06 00:00:00.000000,0.6301315825647581,CDI
2024-04-22 00:00:00.000000,0.7233221622441116,CDI
2024-05-08 00:00:00.000000,0.726340784003696,CDI
2024-05-24 00:00:00.000000,0.7800278868863009,CDI
2024-06-09 00:00:00.000000,0.7984645255042341,CDI
2024-06-25 00:00:00.000000,0.7352807072595748,CDI
2024-07-11 00:00:00.000000,0.7930125186241945,CDI
2024-07-27 00:00:00.000000,0.3798750529455412,CDI
2024-08-12 00:00:00.000000,0.7287103388320536,CDI
2024-08-28 00:00:00.000000,0.7090160980708657,CDI
2024-09-13 00:00:00.000000,0.644023496180557,CDI
2024-09-29 00:00:00.000000,0.46871693875864257,CDI
2024-10-15 00:00:00.000000,-0.17950014900396558,CDI
2024-10-31 00:00:00.000000,-0.6525705763328075,CDI
2024-11-16 00:00:00.000000,0.547547356783799,CDI
2024-12-02 00:00:00.000000,0.37760282768921655,CDI
2024-12-18 00:00:00.000000,0.3145188503068202,CDI
2025-01-01 00:00:00.000000,0.16743109323840286,CDI
2025-01-17 00:00:00.000000,0.5548455142990725,CDI
2025-02-02 00:00:00.000000,0.6140743814900171,CDI
2025-02-18 00:00:00.000000,0.42816988808216383,CDI
2025-03-06 00:00:00.000000,0.4096552475433539,CDI
2025-03-22 00:00:00.000000,0.26337072642815024,CDI
2025-04-07 00:00:00.000000,0.5018529116805475,CDI
2025-04-23 00:00:00.000000,0.0772280596934541,CDI
2025-05-09 00:00:00.000000,0.47278294920176855,CDI
2025-05-25 00:00:00.000000,0.47574678413724736,CDI
2019-01-01 00:00:00.000000,1.7158791618338285,EVI
2019-01-17 00:00:00.000000,1.5255729594809713,EVI
2019-02-02 00:00:00.000000,1.6975957317078814,EVI
2019-02-18 00:00:00.000000,1.7011754669702914,EVI
2019-03-06 00:00:00.000000,1.693935508968086,EVI
2019-03-22 00:00:00.000000,1.7150329238452044,EVI
2019-04-07 00:00:00.000000,1.5837454804127724,EVI
2019-04-23 00:00:00.000000,1.2277382611199752,EVI
2019-05-09 00:00:00.000000,1.7056797826623915,EVI
2019-05-25 00:00:00.000000,1.7545515090170531,EVI
2019-06-10 00:00:00.000000,1.3234067403667473,EVI
2019-06-26 00:00:00.000000,1.353093896053244,EVI
2019-07-12 00:00:00.000000,1.439519782343836,EVI
2019-07-28 00:00:00.000000,1.3942371302769727,EVI
2019-08-13 00:00:00.000000,1.3630376469027532,EVI
2019-08-29 00:00:00.000000,1.5272301048917176,EVI
2019-09-14 00:00:00.000000,1.508837897240309,EVI
2019-09-30 00:00:00.000000,1.121629582677658,EVI
2019-10-16 00:00:00.000000,1.6477961900253306,EVI
2019-11-01 00:00:00.000000,1.4567748888642669,EVI
2019-11-17 00:00:00.000000,-0.08397025284985085,EVI
2019-12-03 00:00:00.000000,1.0678874013259698,EVI
2019-12-19 00:00:00.000000,1.775775624428364,EVI
2020-01-01 00:00:00.000000,1.5701403426334541,EVI
2020-01-17 00:00:00.000000,-0.2715699194517803,EVI
2020-02-02 00:00:00.000000,1.8338436456739986,EVI
2020-02-18 00:00:00.000000,1.4721862747196024,EVI
2020-03-05 00:00:00.000000,1.5943003090689825,EVI
2020-03-21 00:00:00.000000,2.1814730146136294,EVI
2020-04-06 00:00:00.000000,0.9407979403859399,EVI
2020-04-22 00:00:00.000000,1.756576888682819,EVI
2020-05-08 00:00:00.000000,1.80863449302937,EVI
2020-05-24 00:00:00.000000,1.431707016010454,EVI
2020-06-09 00:00:00.000000,1.3922558275260861,EVI
2020-06-25 00:00:00.000000,1.5081627798300388,EVI
2020-07-11 00:00:00.000000,1.513930997923065,EVI
2020-07-27 00:00:00.000000,1.7404230064703818,EVI
2020-08-12 00:00:00.000000,1.467386707982048,EVI
2020-08-28 00:00:00.000000,1.411297186276556,EVI
2020-09-13 00:00:00.000000,1.1912388952479058,EVI
2020-09-29 00:00:00.000000,1.421010804081762,EVI
2020-10-15 00:00:00.000000,-0.6614699443770655,EVI
2020-10-31 00:00:00.000000,1.86546867457745,EVI
2020-11-16 00:00:00.000000,0.9451314146308307,EVI
2020-12-02 00:00:00.000000,1.6544037401784848,EVI
2020-12-18 00:00:00.000000,1.4824593526960772,EVI
2021-01-01 00:00:00.000000,-0.011633178569869373,EVI
2021-01-17 00:00:00.000000,1.7137076112535958,EVI
2021-02-02 00:00:00.000000,1.5292201309481421,EVI
2021-02-18 00:00:00.000000,2.3288334432701068,EVI
2021-03-06 00:00:00.000000,-0.13255933668051187,EVI
2021-03-22 00:00:00.000000,1.8110041244129256,EVI
2021-04-07 00:00:00.000000,1.7824539163309248,EVI
2021-04-23 00:00:00.000000,2.0558374455637045,EVI
2021-05-09 00:00:00.000000,0.5638642380907435,EVI
2021-05-25 00:00:00.000000,1.5659132897695132,EVI
2021-06-10 00:00:00.000000,1.982461237975289,EVI
2021-06-26 00:00:00.000000,1.36722571966637,EVI
2021-07-12 00:00:00.000000,1.3399990875953347,EVI
2021-07-28 00:00:00.000000,1.4656385561839307,EVI
2021-08-13 00:00:00.000000,1.3110733722261227,EVI
2021-08-29 00:00:00.000000,1.382373491525634,EVI
2021-09-14 00:00:00.000000,1.363668085866264,EVI
2021-09-30 00:00:00.000000,1.4563619697116432,EVI
2021-10-16 00:00:00.000000,-0.03555020952160968,EVI
2021-11-01 00:00:00.000000,0.34639208360130064,EVI
2021-11-17 00:00:00.000000,1.2907788827354607,EVI
2021-12-03 00:00:00.000000,-0.1062643559660116,EVI
2021-12-19 00:00:00.000000,1.3258942857459104,EVI
2022-01-01 00:00:00.000000,0.7512392874688967,EVI
2022-01-17 00:00:00.000000,1.8762845207191863,EVI
2022-02-02 00:00:00.000000,-0.4824047280004536,EVI
2022-02-18 00:00:00.000000,1.8030651123020085,EVI
2022-03-06 00:00:00.000000,2.1158256034378122,EVI
2022-03-22 00:00:00.000000,-0.041934224037247614,EVI
2022-04-07 00:00:00.000000,1.4858707178834023,EVI
2022-04-23 00:00:00.000000,1.7098897841892209,EVI
2022-05-09 00:00:00.000000,1.9669731981139091,EVI
2022-05-25 00:00:00.000000,1.5379359260025294,EVI
2022-06-10 00:00:00.000000,1.7852913271207926,EVI
2022-06-26 00:00:00.000000,1.4501198116302452,EVI
2022-07-12 00:00:00.000000,1.4094526143078159,EVI
2022-07-28 00:00:00.000000,1.3168458063563526,EVI
2022-08-13 00:00:00.000000,1.4680541829021347,EVI
2022-08-29 00:00:00.000000,1.2769089413290649,EVI
2022-09-14 00:00:00.000000,0.8125902833697796,EVI
2022-09-30 00:00:00.000000,2.2655402827472186,EVI
2022-10-16 00:00:00.000000,0.7577056108254048,EVI
2022-11-01 00:00:00.000000,-0.19494922569257406,EVI
2022-11-17 00:00:00.000000,1.6514992837266562,EVI
2022-12-03 00:00:00.000000,1.3289233529252298,EVI
2022-12-19 00:00:00.000000,-0.28583522891466223,EVI
2023-01-01 00:00:00.000000,1.3052458119243273,EVI
2023-01-17 00:00:00.000000,1.526542674146149,EVI
2023-02-02 00:00:00.000000,1.7931169285365312,EVI
2023-02-18 00:00:00.000000,1.6624986988849675,EVI
2023-03-06 00:00:00.000000,1.3403591368241436,EVI
2023-03-22 00:00:00.000000,2.1046731294537477,EVI
2023-04-07 00:00:00.000000,1.8223080137651693,EVI
2023-04-23 00:00:00.000000,2.198671055719087,EVI
2023-05-09 00:00:00.000000,1.7149936819658658,EVI
2023-05-25 00:00:00.000000,1.6634670403074923,EVI
2023-06-10 00:00:00.000000,1.9369859798371714,EVI
2023-06-26 00:00:00.000000,1.7756132183001412,EVI
2023-07-12 00:00:00.000000,1.9055578179184478,EVI
2023-07-28 00:00:00.000000,1.5173899055545164,EVI
2023-08-13 00:00:00.000000,2.070101229044168,EVI
2023-08-29 00:00:00.000000,0.28190132696515546,EVI
2023-09-14 00:00:00.000000,1.5011608921335924,EVI
2023-09-30 00:00:00.000000,0.07009016890019708,EVI
2023-10-16 00:00:00.000000,-0.628143714427751,EVI
2023-11-01 00:00:00.000000,1.8456311756215484,EVI
2023-11-17 00:00:00.000000,0.0588398129829344,EVI
2023-12-03 00:00:00.000000,2.167491342003059,EVI
2023-12-19 00:00:00.000000,2.3144786816876066,EVI
2024-01-01 00:00:00.000000,0.41262233940435344,EVI
2024-01-17 00:00:00.000000,1.7011606932320258,EVI
2024-02-02 00:00:00.000000,2.038000593968582,EVI
2024-02-18 00:00:00.000000,1.7469450581303174,EVI
2024-03-05 00:00:00.000000,1.7131976270044393,EVI
2024-03-21 00:00:00.000000,1.3102177902381273,EVI
2024-04-06 00:00:00.000000,2.535489695968152,EVI
2024-04-22 00:00:00.000000,2.0676643742939245,EVI
2024-05-08 00:00:00.000000,2.0150316652551017,EVI
2024-05-24 00:00:00.000000,1.6002820159304618,EVI
2024-06-09 00:00:00.000000,1.5302102128985557,EVI
2024-06-25 00:00:00.000000,1.7848530312815492,EVI
2024-07-11 00:00:00.000000,1.3560038808905226,EVI
2024-07-27 00:00:00.000000,0.8991268219848461,EVI
2024-08-12 00:00:00.000000,1.506139964052161,EVI
2024-08-28 00:00:00.000000,1.3508635369381625,EVI
2024-09-13 00:00:00.000000,1.4523093890933536,EVI
2024-09-29 00:00:00.000000,2.1085315132595293,EVI
2024-10-15 00:00:00.000000,-0.017730760988236425,EVI
2024-10-31 00:00:00.000000,-0.40147178227858105,EVI
2024-11-16 00:00:00.000000,1.6484256845266725,EVI
2024-12-02 00:00:00.000000,1.7130436160884128,EVI
2024-12-18 00:00:00.000000,1.7218006732647415,EVI
2025-01-01 00:00:00.000000,0.6091214516050012,EVI
2025-01-17 00:00:00.000000,1.8673687884639603,EVI
2025-02-02 00:00:00.000000,1.8636861470755453,EVI
2025-02-18 00:00:00.000000,1.7294567325473313,EVI
2025-03-06 00:00:00.000000,1.9106743731732194,EVI
2025-03-22 00:00:00.000000,1.0611692308060559,EVI
2025-04-07 00:00:00.000000,1.9286685850681655,EVI
2025-04-23 00:00:00.000000,0.4371394531066684,EVI
2025-05-09 00:00:00.000000,1.917941249809282,EVI
2025-05-25 00:00:00.000000,2.2758339576794757,EVI
2019-01-01 00:00:00.000000,0.426971956055086,GNDVI
2019-01-17 00:00:00.000000,0.6369117673588369,GNDVI
2019-02-02 00:00:00.000000,0.6023962672645256,GNDVI
2019-02-18 00:00:00.000000,0.6342670481251798,GNDVI
2019-03-06 00:00:00.000000,0.6749372919585949,GNDVI
2019-03-22 00:00:00.000000,0.6372665277693571,GNDVI
2019-04-07 00:00:00.000000,0.6927967287241431,GNDVI
2019-04-23 00:00:00.000000,0.5682058118415134,GNDVI
2019-05-09 00:00:00.000000,0.6861190621439927,GNDVI
2019-05-25 00:00:00.000000,0.5414099752603044,GNDVI
2019-06-10 00:00:00.000000,0.4935808402362157,GNDVI
2019-06-26 00:00:00.000000,0.6917028355715338,GNDVI
2019-07-12 00:00:00.000000,0.7009288199694473,GNDVI
2019-07-28 00:00:00.000000,0.6568308661823797,GNDVI
2019-08-13 00:00:00.000000,0.6186439053841156,GNDVI
2019-08-29 00:00:00.000000,0.5931499559611709,GNDVI
2019-09-14 00:00:00.000000,0.5325788657642854,GNDVI
2019-09-30 00:00:00.000000,0.31219655381067024,GNDVI
2019-10-16 00:00:00.000000,0.4669443713485306,GNDVI
2019-11-01 00:00:00.000000,0.588062520493104,GNDVI
2019-11-17 00:00:00.000000,-0.01201688613187438,GNDVI
2019-12-03 00:00:00.000000,0.3707541872202021,GNDVI
2019-12-19 00:00:00.000000,0.38864880678427205,GNDVI
2020-01-01 00:00:00.000000,0.5163661990487716,GNDVI
2020-01-17 00:00:00.000000,0.014983166704911172,GNDVI
2020-02-02 00:00:00.000000,0.448780164720449,GNDVI
2020-02-18 00:00:00.000000,0.3410808054140869,GNDVI
2020-03-05 00:00:00.000000,0.3994087313291852,GNDVI
2020-03-21 00:00:00.000000,0.5861582478292564,GNDVI
2020-04-06 00:00:00.000000,0.28866167396394765,GNDVI
2020-04-22 00:00:00.000000,0.5636853126194602,GNDVI
2020-05-08 00:00:00.000000,0.6308749276484169,GNDVI
2020-05-24 00:00:00.000000,0.7080177226440296,GNDVI
2020-06-09 00:00:00.000000,0.681670729984654,GNDVI
2020-06-25 00:00:00.000000,0.7157907165388675,GNDVI
2020-07-11 00:00:00.000000,0.6343913878342682,GNDVI
2020-07-27 00:00:00.000000,0.47562469380460914,GNDVI
2020-08-12 00:00:00.000000,0.6544467180855538,GNDVI
2020-08-28 00:00:00.000000,0.6063315535049009,GNDVI
2020-09-13 00:00:00.000000,0.569361521356,GNDVI
2020-09-29 00:00:00.000000,0.5631078687651028,GNDVI
2020-10-15 00:00:00.000000,0.08721472880235984,GNDVI
2020-10-31 00:00:00.000000,0.3533670725755884,GNDVI
2020-11-16 00:00:00.000000,0.3423955214024609,GNDVI
2020-12-02 00:00:00.000000,0.6404303520239273,GNDVI
2020-12-18 00:00:00.000000,0.3990005600043221,GNDVI
2021-01-01 00:00:00.000000,-0.015377534477906895,GNDVI
2021-01-17 00:00:00.000000,0.6217356498960446,GNDVI
2021-02-02 00:00:00.000000,0.3815743487789066,GNDVI
2021-02-18 00:00:00.000000,0.522083446774667,GNDVI
2021-03-06 00:00:00.000000,0.022818687206636545,GNDVI
2021-03-22 00:00:00.000000,0.6173465884268661,GNDVI
2021-04-07 00:00:00.000000,0.6100458546419716,GNDVI
2021-04-23 00:00:00.000000,0.634219679233056,GNDVI
2021-05-09 00:00:00.000000,0.19646008157283723,GNDVI
2021-05-25 00:00:00.000000,0.6325158325419012,GNDVI
2021-06-10 00:00:00.000000,0.6071602676769485,GNDVI
2021-06-26 00:00:00.000000,0.4312678055398207,GNDVI
2021-07-12 00:00:00.000000,0.6150319287915075,GNDVI
2021-07-28 00:00:00.000000,0.5806393768302754,GNDVI
2021-08-13 00:00:00.000000,0.5533576571318048,GNDVI
2021-08-29 00:00:00.000000,0.5501746807226898,GNDVI
2021-09-14 00:00:00.000000,0.5145306727130627,GNDVI
2021-09-30 00:00:00.000000,0.525808312582137,GNDVI
2021-10-16 00:00:00.000000,-0.03919687458008119,GNDVI
2021-11-01 00:00:00.000000,0.12492243787458586,GNDVI
2021-11-17 00:00:00.000000,0.3150819027936879,GNDVI
2021-12-03 00:00:00.000000,0.002699462878277179,GNDVI
2021-12-19 00:00:00.000000,0.24325144703767027,GNDVI
2022-01-01 00:00:00.000000,0.21866759270596456,GNDVI
2022-01-17 00:00:00.000000,0.4459007206715388,GNDVI
2022-02-02 00:00:00.000000,0.17375419037812506,GNDVI
2022-02-18 00:00:00.000000,0.42010240940436705,GNDVI
2022-03-06 00:00:00.000000,0.5314051199496124,GNDVI
2022-03-22 00:00:00.000000,0.04091517666283013,GNDVI
2022-04-07 00:00:00.000000,0.3956972154144772,GNDVI
2022-04-23 00:00:00.000000,0.6487534199939536,GNDVI
2022-05-09 00:00:00.000000,0.661349310404743,GNDVI
2022-05-25 00:00:00.000000,0.6309472614313558,GNDVI
2022-06-10 00:00:00.000000,0.6484220203082031,GNDVI
2022-06-26 00:00:00.000000,0.5819345316859541,GNDVI
2022-07-12 00:00:00.000000,0.5853306488555925,GNDVI
2022-07-28 00:00:00.000000,0.6127747971113113,GNDVI
2022-08-13 00:00:00.000000,0.5941171915924301,GNDVI
2022-08-29 00:00:00.000000,0.5392216607005735,GNDVI
2022-09-14 00:00:00.000000,0.29957600945230795,GNDVI
2022-09-30 00:00:00.000000,0.41153645927194943,GNDVI
2022-10-16 00:00:00.000000,0.2025922448224158,GNDVI
2022-11-01 00:00:00.000000,0.1988969972637165,GNDVI
2022-11-17 00:00:00.000000,0.5662486009365074,GNDVI
2022-12-03 00:00:00.000000,0.3692297212217592,GNDVI
2022-12-19 00:00:00.000000,0.038390209687382736,GNDVI
2023-01-01 00:00:00.000000,0.3676502021455625,GNDVI
2023-01-17 00:00:00.000000,0.23912426040483128,GNDVI
2023-02-02 00:00:00.000000,0.5434557641363449,GNDVI
2023-02-18 00:00:00.000000,0.3861472316210091,GNDVI
2023-03-06 00:00:00.000000,0.35865781753872883,GNDVI
2023-03-22 00:00:00.000000,0.6477780386003418,GNDVI
2023-04-07 00:00:00.000000,0.6323003053016655,GNDVI
2023-04-23 00:00:00.000000,0.645965181783339,GNDVI
2023-05-09 00:00:00.000000,0.6683324464163766,GNDVI
2023-05-25 00:00:00.000000,0.6297093796993564,GNDVI
2023-06-10 00:00:00.000000,0.649072533580017,GNDVI
2023-06-26 00:00:00.000000,0.6367088462605516,GNDVI
2023-07-12 00:00:00.000000,0.5844664003532944,GNDVI
2023-07-28 00:00:00.000000,0.6121515157317717,GNDVI
2023-08-13 00:00:00.000000,0.48081557651520307,GNDVI
2023-08-29 00:00:00.000000,0.16892856690505825,GNDVI
2023-09-14 00:00:00.000000,0.5585540154755911,GNDVI
2023-09-30 00:00:00.000000,0.019319342076665143,GNDVI
2023-10-16 00:00:00.000000,0.162468967827064,GNDVI
2023-11-01 00:00:00.000000,0.5915554164668383,GNDVI
2023-11-17 00:00:00.000000,-0.04167087478330585,GNDVI
2023-12-03 00:00:00.000000,0.49124392371819886,GNDVI
2023-12-19 00:00:00.000000,0.49269240055558955,GNDVI
2024-01-01 00:00:00.000000,0.21552560711016408,GNDVI
2024-01-17 00:00:00.000000,0.45551874406995135,GNDVI
2024-02-02 00:00:00.000000,0.5048027068701212,GNDVI
2024-02-18 00:00:00.000000,0.44142889252864187,GNDVI
2024-03-05 00:00:00.000000,0.519001992318076,GNDVI
2024-03-21 00:00:00.000000,0.3387109242252586,GNDVI
2024-04-06 00:00:00.000000,0.6088548441009056,GNDVI
2024-04-22 00:00:00.000000,0.6730280266050699,GNDVI
2024-05-08 00:00:00.000000,0.6696570811818167,GNDVI
2024-05-24 00:00:00.000000,0.6761572589294796,GNDVI
2024-06-09 00:00:00.000000,0.6797477187110117,GNDVI
2024-06-25 00:00:00.000000,0.6533409120786151,GNDVI
2024-07-11 00:00:00.000000,0.6449442090767661,GNDVI
2024-07-27 00:00:00.000000,0.3538098022427953,GNDVI
2024-08-12 00:00:00.000000,0.61764488991753,GNDVI
2024-08-28 00:00:00.000000,0.5813431589238915,GNDVI
2024-09-13 00:00:00.000000,0.5325632754618336,GNDVI
2024-09-29 00:00:00.000000,0.3891138470139136,GNDVI
2024-10-15 00:00:00.000000,-0.01614948644550517,GNDVI
2024-10-31 00:00:00.000000,0.02393058045482207,GNDVI
2024-11-16 00:00:00.000000,0.48196928063338473,GNDVI
2024-12-02 00:00:00.000000,0.4221694344597546,GNDVI
2024-12-18 00:00:00.000000,0.3411930075621768,GNDVI
2025-01-01 00:00:00.000000,0.26313487968937166,GNDVI
2025-01-17 00:00:00.000000,0.5317528569134032,GNDVI
2025-02-02 00:00:00.000000,0.5767455623135025,GNDVI
2025-02-18 00:00:00.000000,0.46255424802602013,GNDVI
2025-03-06 00:00:00.000000,0.435482746173478,GNDVI
2025-03-22 00:00:00.000000,0.31486698978974614,GNDVI
2025-04-07 00:00:00.000000,0.5332093802942104,GNDVI
2025-04-23 00:00:00.000000,0.17614442416395523,GNDVI
2025-05-09 00:00:00.000000,0.507368534260201,GNDVI
2025-05-25 00:00:00.000000,0.478359530632139,GNDVI
2019-01-01 00:00:00.000000,-0.3571022670711887,MNDWI
2019-01-17 00:00:00.000000,-0.5679650760803586,MNDWI
2019-02-02 00:00:00.000000,-0.5473263710725139,MNDWI
2019-02-18 00:00:00.000000,-0.5651884359386228,MNDWI
2019-03-06 00:00:00.000000,-0.6155245159633199,MNDWI
2019-03-22 00:00:00.000000,-0.5542522516770477,MNDWI
2019-04-07 00:00:00.000000,-0.6102500686143791,MNDWI
2019-04-23 00:00:00.000000,-0.47430886557831486,MNDWI
2019-05-09 00:00:00.000000,-0.6224763320720706,MNDWI
2019-05-25 00:00:00.000000,-0.45600232243562877,MNDWI
2019-06-10 00:00:00.000000,-0.4130918276608621,MNDWI
2019-06-26 00:00:00.000000,-0.6246478914741458,MNDWI
2019-07-12 00:00:00.000000,-0.6519898372546057,MNDWI
2019-07-28 00:00:00.000000,-0.617720204580052,MNDWI
2019-08-13 00:00:00.000000,-0.5681408422987545,MNDWI
2019-08-29 00:00:00.000000,-0.5711222657900374,MNDWI
2019-09-14 00:00:00.000000,-0.5296530479926138,MNDWI
2019-09-30 00:00:00.000000,-0.2752501979141022,MNDWI
2019-10-16 00:00:00.000000,-0.4120948123306497,MNDWI
2019-11-01 00:00:00.000000,-0.5599567017722851,MNDWI
2019-11-17 00:00:00.000000,0.14729840598064334,MNDWI
2019-12-03 00:00:00.000000,-0.26929040300115453,MNDWI
2019-12-19 00:00:00.000000,-0.3002997295515241,MNDWI
2020-01-01 00:00:00.000000,-0.45978768878684056,MNDWI
2020-01-17 00:00:00.000000,0.0877173578413209,MNDWI
2020-02-02 00:00:00.000000,-0.3598321288072603,MNDWI
2020-02-18 00:00:00.000000,-0.26449130079928135,MNDWI
2020-03-05 00:00:00.000000,-0.3347866108886464,MNDWI
2020-03-21 00:00:00.000000,-0.5036422090991003,MNDWI
2020-04-06 00:00:00.000000,-0.19304145034449546,MNDWI
2020-04-22 00:00:00.000000,-0.46645338096354305,MNDWI
2020-05-08 00:00:00.000000,-0.5499113823790995,MNDWI
2020-05-24 00:00:00.000000,-0.6368815354560259,MNDWI
2020-06-09 00:00:00.000000,-0.6245706998564192,MNDWI
2020-06-25 00:00:00.000000,-0.6614088314310942,MNDWI
2020-07-11 00:00:00.000000,-0.5754259435180229,MNDWI
2020-07-27 00:00:00.000000,-0.40921807462737314,MNDWI
2020-08-12 00:00:00.000000,-0.6153795554499983,MNDWI
2020-08-28 00:00:00.000000,-0.5632215603500952,MNDWI
2020-09-13 00:00:00.000000,-0.5524014855548455,MNDWI
2020-09-29 00:00:00.000000,-0.5521820331060784,MNDWI
2020-10-15 00:00:00.000000,0.20019607305338039,MNDWI
2020-10-31 00:00:00.000000,-0.2405268414693507,MNDWI
2020-11-16 00:00:00.000000,-0.2712161171618701,MNDWI
2020-12-02 00:00:00.000000,-0.5810312157827843,MNDWI
2020-12-18 00:00:00.000000,-0.33926089260147846,MNDWI
2021-01-01 00:00:00.000000,0.12446587155811342,MNDWI
2021-01-17 00:00:00.000000,-0.5502628202871498,MNDWI
2021-02-02 00:00:00.000000,-0.2926316102881753,MNDWI
2021-02-18 00:00:00.000000,-0.4213578159964163,MNDWI
2021-03-06 00:00:00.000000,0.05918367897471459,MNDWI
2021-03-22 00:00:00.000000,-0.5478344313666815,MNDWI
2021-04-07 00:00:00.000000,-0.5360404891234737,MNDWI
2021-04-23 00:00:00.000000,-0.5607918329415893,MNDWI
2021-05-09 00:00:00.000000,-0.12786361586961492,MNDWI
2021-05-25 00:00:00.000000,-0.5893490721811009,MNDWI
2021-06-10 00:00:00.000000,-0.5768306823888871,MNDWI
2021-06-26 00:00:00.000000,-0.3756257717896802,MNDWI
2021-07-12 00:00:00.000000,-0.5894346826447601,MNDWI
2021-07-28 00:00:00.000000,-0.5744170436786354,MNDWI
2021-08-13 00:00:00.000000,-0.5415975170773313,MNDWI
2021-08-29 00:00:00.000000,-0.5511219134613121,MNDWI
2021-09-14 00:00:00.000000,-0.5216098480462679,MNDWI
2021-09-30 00:00:00.000000,-0.5282306080309347,MNDWI
2021-10-16 00:00:00.000000,0.14388488945958353,MNDWI
2021-11-01 00:00:00.000000,-0.05623887785006917,MNDWI
2021-11-17 00:00:00.000000,-0.19103350715237513,MNDWI
2021-12-03 00:00:00.000000,0.06630176044829338,MNDWI
2021-12-19 00:00:00.000000,-0.13215690692075943,MNDWI
2022-01-01 00:00:00.000000,-0.06430856863909526,MNDWI
2022-01-17 00:00:00.000000,-0.3756107387312168,MNDWI
2022-02-02 00:00:00.000000,-0.08935146245049205,MNDWI
2022-02-18 00:00:00.000000,-0.34010755443737495,MNDWI
2022-03-06 00:00:00.000000,-0.4610521109127573,MNDWI
2022-03-22 00:00:00.000000,0.04971414433476842,MNDWI
2022-04-07 00:00:00.000000,-0.30046875350996627,MNDWI
2022-04-23 00:00:00.000000,-0.5821255464108082,MNDWI
2022-05-09 00:00:00.000000,-0.5785749430701658,MNDWI
2022-05-25 00:00:00.000000,-0.579733636733247,MNDWI
2022-06-10 00:00:00.000000,-0.5979373418513992,MNDWI
2022-06-26 00:00:00.000000,-0.5448508332750537,MNDWI
2022-07-12 00:00:00.000000,-0.5546755413164868,MNDWI
2022-07-28 00:00:00.000000,-0.5979365518500902,MNDWI
2022-08-13 00:00:00.000000,-0.585787679293539,MNDWI
2022-08-29 00:00:00.000000,-0.5532228374301511,MNDWI
2022-09-14 00:00:00.000000,-0.2755333508570636,MNDWI
2022-09-30 00:00:00.000000,-0.4091746258816032,MNDWI
2022-10-16 00:00:00.000000,-0.15158301068072919,MNDWI
2022-11-01 00:00:00.000000,-0.17755184889213285,MNDWI
2022-11-17 00:00:00.000000,-0.5291916768453355,MNDWI
2022-12-03 00:00:00.000000,-0.31315388174535425,MNDWI
2022-12-19 00:00:00.000000,0.1311306609520267,MNDWI
2023-01-01 00:00:00.000000,-0.297023466485051,MNDWI
2023-01-17 00:00:00.000000,-0.1441192697287279,MNDWI
2023-02-02 00:00:00.000000,-0.48145549324725895,MNDWI
2023-02-18 00:00:00.000000,-0.30351860828358485,MNDWI
2023-03-06 00:00:00.000000,-0.2893409541731253,MNDWI
2023-03-22 00:00:00.000000,-0.5813347381158338,MNDWI
2023-04-07 00:00:00.000000,-0.5635007013278331,MNDWI
2023-04-23 00:00:00.000000,-0.5742372247040276,MNDWI
2023-05-09 00:00:00.000000,-0.5921900866508971,MNDWI
2023-05-25 00:00:00.000000,-0.5587348063318756,MNDWI
2023-06-10 00:00:00.000000,-0.5934852779758547,MNDWI
2023-06-26 00:00:00.000000,-0.5950678540435858,MNDWI
2023-07-12 00:00:00.000000,-0.5504146909550143,MNDWI
2023-07-28 00:00:00.000000,-0.5865410633627983,MNDWI
2023-08-13 00:00:00.000000,-0.45993967252159335,MNDWI
2023-08-29 00:00:00.000000,-0.12765962763040328,MNDWI
2023-09-14 00:00:00.000000,-0.5631511438359293,MNDWI
2023-09-30 00:00:00.000000,0.0846957804394186,MNDWI
2023-10-16 00:00:00.000000,-0.003186381818801336,MNDWI
2023-11-01 00:00:00.000000,-0.5529940761813773,MNDWI
2023-11-17 00:00:00.000000,0.4346750448999691,MNDWI
2023-12-03 00:00:00.000000,-0.44303558774154617,MNDWI
2023-12-19 00:00:00.000000,-0.4308733971996161,MNDWI
2024-01-01 00:00:00.000000,-0.0958215782922952,MNDWI
2024-01-17 00:00:00.000000,-0.39853517363215446,MNDWI
2024-02-02 00:00:00.000000,-0.4372047228180013,MNDWI
2024-02-18 00:00:00.000000,-0.388124334929132,MNDWI
2024-03-05 00:00:00.000000,-0.44260853689532015,MNDWI
2024-03-21 00:00:00.000000,-0.268410792562352,MNDWI
2024-04-06 00:00:00.000000,-0.5390228711203794,MNDWI
2024-04-22 00:00:00.000000,-0.6006531617802916,MNDWI
2024-05-08 00:00:00.000000,-0.6076200690542178,MNDWI
2024-05-24 00:00:00.000000,-0.6136368105415488,MNDWI
2024-06-09 00:00:00.000000,-0.626187424223716,MNDWI
2024-06-25 00:00:00.000000,-0.6202681914866816,MNDWI
2024-07-11 00:00:00.000000,-0.6264094189479027,MNDWI
2024-07-27 00:00:00.000000,-0.3199409521126339,MNDWI
2024-08-12 00:00:00.000000,-0.6062970938862495,MNDWI
2024-08-28 00:00:00.000000,-0.5730913775186643,MNDWI
2024-09-13 00:00:00.000000,-0.5478148010615027,MNDWI
2024-09-29 00:00:00.000000,-0.4164597436214567,MNDWI
2024-10-15 00:00:00.000000,0.1448667349294884,MNDWI
2024-10-31 00:00:00.000000,0.6576667951088385,MNDWI
2024-11-16 00:00:00.000000,-0.45087242789900345,MNDWI
2024-12-02 00:00:00.000000,-0.3111624305933683,MNDWI
2024-12-18 00:00:00.000000,-0.2699725941158998,MNDWI
2025-01-01 00:00:00.000000,-0.16079877993842745,MNDWI
2025-01-17 00:00:00.000000,-0.47138664162325933,MNDWI
2025-02-02 00:00:00.000000,-0.5000659780442269,MNDWI
2025-02-18 00:00:00.000000,-0.36861967757371744,MNDWI
2025-03-06 00:00:00.000000,-0.35709221643929395,MNDWI
2025-03-22 00:00:00.000000,-0.24074609613113565,MNDWI
2025-04-07 00:00:00.000000,-0.43403332921117244,MNDWI
2025-04-23 00:00:00.000000,-0.08746275733613251,MNDWI
2025-05-09 00:00:00.000000,-0.41466668441572896,MNDWI
2025-05-25 00:00:00.000000,-0.42440174417988047,MNDWI
2019-01-01 00:00:00.000000,0.5784865573370126,MSAVI
2019-01-17 00:00:00.000000,0.781482701255205,MSAVI
2019-02-02 00:00:00.000000,0.7550862505761061,MSAVI
2019-02-18 00:00:00.000000,0.7837930300412338,MSAVI
2019-03-06 00:00:00.000000,0.8154475697898145,MSAVI
2019-03-22 00:00:00.000000,0.7882948345274547,MSAVI
2019-04-07 00:00:00.000000,0.8249007405007748,MSAVI
2019-04-23 00:00:00.000000,0.718444863139143,MSAVI
2019-05-09 00:00:00.000000,0.816361321325017,MSAVI
2019-05-25 00:00:00.000000,0.69033194400801,MSAVI
2019-06-10 00:00:00.000000,0.6347746599024486,MSAVI
2019-06-26 00:00:00.000000,0.796488049338305,MSAVI
2019-07-12 00:00:00.000000,0.7987394776496498,MSAVI
2019-07-28 00:00:00.000000,0.7622739921738629,MSAVI
2019-08-13 00:00:00.000000,0.7307310006817596,MSAVI
2019-08-29 00:00:00.000000,0.722759775257351,MSAVI
2019-09-14 00:00:00.000000,0.6701970444094593,MSAVI
2019-09-30 00:00:00.000000,0.4421612035565725,MSAVI
2019-10-16 00:00:00.000000,0.6287276863711879,MSAVI
2019-11-01 00:00:00.000000,0.7352813700001098,MSAVI
2019-11-17 00:00:00.000000,0.04186530841194994,MSAVI
2019-12-03 00:00:00.000000,0.5029856126274024,MSAVI
2019-12-19 00:00:00.000000,0.5491258166674229,MSAVI
2020-01-01 00:00:00.000000,0.6748022586504181,MSAVI
2020-01-17 00:00:00.000000,0.06536764179171474,MSAVI
2020-02-02 00:00:00.000000,0.6150383037386171,MSAVI
2020-02-18 00:00:00.000000,0.49209041098267076,MSAVI
2020-03-05 00:00:00.000000,0.5587759969843755,MSAVI
2020-03-21 00:00:00.000000,0.7517777803525874,MSAVI
2020-04-06 00:00:00.000000,0.4477874928145266,MSAVI
2020-04-22 00:00:00.000000,0.7132789995690993,MSAVI
2020-05-08 00:00:00.000000,0.783627443190743,MSAVI
2020-05-24 00:00:00.000000,0.8218553665758038,MSAVI
2020-06-09 00:00:00.000000,0.8015631681359825,MSAVI
2020-06-25 00:00:00.000000,0.8191531159502151,MSAVI
2020-07-11 00:00:00.000000,0.7665662044104526,MSAVI
2020-07-27 00:00:00.000000,0.6218566633747246,MSAVI
2020-08-12 00:00:00.000000,0.7721735238873275,MSAVI
2020-08-28 00:00:00.000000,0.7349457563477582,MSAVI
2020-09-13 00:00:00.000000,0.6910942449586873,MSAVI
2020-09-29 00:00:00.000000,0.6976827300581326,MSAVI
2020-10-15 00:00:00.000000,0.22305878448463837,MSAVI
2020-10-31 00:00:00.000000,0.5226048685122575,MSAVI
2020-11-16 00:00:00.000000,0.47366558272657316,MSAVI
2020-12-02 00:00:00.000000,0.7904404727159757,MSAVI
2020-12-18 00:00:00.000000,0.5698148889273056,MSAVI
2021-01-01 00:00:00.000000,0.01376613419511795,MSAVI
2021-01-17 00:00:00.000000,0.7807133639994633,MSAVI
2021-02-02 00:00:00.000000,0.541564797643722,MSAVI
2021-02-18 00:00:00.000000,0.6991735000082686,MSAVI
2021-03-06 00:00:00.000000,0.07993131483662062,MSAVI
2021-03-22 00:00:00.000000,0.7790315899106279,MSAVI
2021-04-07 00:00:00.000000,0.7673041754164357,MSAVI
2021-04-23 00:00:00.000000,0.7857378198893802,MSAVI
2021-05-09 00:00:00.000000,0.33232154356221566,MSAVI
2021-05-25 00:00:00.000000,0.7711590700967861,MSAVI
2021-06-10 00:00:00.000000,0.7509691018560886,MSAVI
2021-06-26 00:00:00.000000,0.5753428576306056,MSAVI
2021-07-12 00:00:00.000000,0.732144844075525,MSAVI
2021-07-28 00:00:00.000000,0.6973487726841069,MSAVI
2021-08-13 00:00:00.000000,0.6762667992515827,MSAVI
2021-08-29 00:00:00.000000,0.6788883173230614,MSAVI
2021-09-14 00:00:00.000000,0.6401468613131484,MSAVI
2021-09-30 00:00:00.000000,0.6685606746903283,MSAVI
2021-10-16 00:00:00.000000,-0.03192407899909736,MSAVI
2021-11-01 00:00:00.000000,0.21049589996558962,MSAVI
2021-11-17 00:00:00.000000,0.48593636416862074,MSAVI
2021-12-03 00:00:00.000000,0.03203065877244684,MSAVI
2021-12-19 00:00:00.000000,0.4040954537586551,MSAVI
2022-01-01 00:00:00.000000,0.37782290315828726,MSAVI
2022-01-17 00:00:00.000000,0.613581034823446,MSAVI
2022-02-02 00:00:00.000000,0.3068035157229216,MSAVI
2022-02-18 00:00:00.000000,0.5839209164691472,MSAVI
2022-03-06 00:00:00.000000,0.6946385093329219,MSAVI
2022-03-22 00:00:00.000000,0.07564485939178649,MSAVI
2022-04-07 00:00:00.000000,0.5418733218944664,MSAVI
2022-04-23 00:00:00.000000,0.7904132985162778,MSAVI
2022-05-09 00:00:00.000000,0.7993126696575127,MSAVI
2022-05-25 00:00:00.000000,0.7636859107225019,MSAVI
2022-06-10 00:00:00.000000,0.772059320815244,MSAVI
2022-06-26 00:00:00.000000,0.7035731958924644,MSAVI
2022-07-12 00:00:00.000000,0.7066513151743135,MSAVI
2022-07-28 00:00:00.000000,0.7207488918180638,MSAVI
2022-08-13 00:00:00.000000,0.7048974414258877,MSAVI
2022-08-29 00:00:00.000000,0.6527113465222089,MSAVI
2022-09-14 00:00:00.000000,0.3939699782574335,MSAVI
2022-09-30 00:00:00.000000,0.5707776279558098,MSAVI
2022-10-16 00:00:00.000000,0.3090423039997096,MSAVI
2022-11-01 00:00:00.000000,0.3303925039813031,MSAVI
2022-11-17 00:00:00.000000,0.7295361822082365,MSAVI
2022-12-03 00:00:00.000000,0.5195199713873463,MSAVI
2022-12-19 00:00:00.000000,0.10437588868821711,MSAVI
2023-01-01 00:00:00.000000,0.5261395880976746,MSAVI
2023-01-17 00:00:00.000000,0.36189549048438385,MSAVI
2023-02-02 00:00:00.000000,0.7078660662423963,MSAVI
2023-02-18 00:00:00.000000,0.5379746498028712,MSAVI
2023-03-06 00:00:00.000000,0.4996915234677222,MSAVI
2023-03-22 00:00:00.000000,0.8014046077102448,MSAVI
2023-04-07 00:00:00.000000,0.7878214825970552,MSAVI
2023-04-23 00:00:00.000000,0.7995369218282476,MSAVI
2023-05-09 00:00:00.000000,0.8041284391343786,MSAVI
2023-05-25 00:00:00.000000,0.7691282795823494,MSAVI
2023-06-10 00:00:00.000000,0.7818952339022485,MSAVI
2023-06-26 00:00:00.000000,0.7652137080953362,MSAVI
2023-07-12 00:00:00.000000,0.7262329519454277,MSAVI
2023-07-28 00:00:00.000000,0.7402394996710103,MSAVI
2023-08-13 00:00:00.000000,0.6445874225516567,MSAVI
2023-08-29 00:00:00.000000,0.25124420372193795,MSAVI
2023-09-14 00:00:00.000000,0.698664756571751,MSAVI
2023-09-30 00:00:00.000000,0.03620452098344055,MSAVI
2023-10-16 00:00:00.000000,0.3167070993519,MSAVI
2023-11-01 00:00:00.000000,0.7502204147364318,MSAVI
2023-11-17 00:00:00.000000,-0.010813597877603557,MSAVI
2023-12-03 00:00:00.000000,0.6633764115958191,MSAVI
2023-12-19 00:00:00.000000,0.6707806719359868,MSAVI
2024-01-01 00:00:00.000000,0.34424486618538847,MSAVI
2024-01-17 00:00:00.000000,0.6221972316394971,MSAVI
2024-02-02 00:00:00.000000,0.6708260121360516,MSAVI
2024-02-18 00:00:00.000000,0.5993270547701588,MSAVI
2024-03-05 00:00:00.000000,0.6785719927060542,MSAVI
2024-03-21 00:00:00.000000,0.4830990556513045,MSAVI
2024-04-06 00:00:00.000000,0.7742314214868944,MSAVI
2024-04-22 00:00:00.000000,0.8122229312455704,MSAVI
2024-05-08 00:00:00.000000,0.8038924580749567,MSAVI
2024-05-24 00:00:00.000000,0.7974288343322872,MSAVI
2024-06-09 00:00:00.000000,0.7932382042405868,MSAVI
2024-06-25 00:00:00.000000,0.7696573165587247,MSAVI
2024-07-11 00:00:00.000000,0.7511716127919146,MSAVI
2024-07-27 00:00:00.000000,0.48054706752439974,MSAVI
2024-08-12 00:00:00.000000,0.7264049496938602,MSAVI
2024-08-28 00:00:00.000000,0.6920260975198558,MSAVI
2024-09-13 00:00:00.000000,0.6464168788250053,MSAVI
2024-09-29 00:00:00.000000,0.5375657844104434,MSAVI
2024-10-15 00:00:00.000000,0.010987201377367245,MSAVI
2024-10-31 00:00:00.000000,0.030914323526954758,MSAVI
2024-11-16 00:00:00.000000,0.6390776325994809,MSAVI
2024-12-02 00:00:00.000000,0.6054068775128213,MSAVI
2024-12-18 00:00:00.000000,0.4813346854401484,MSAVI
2025-01-01 00:00:00.000000,0.41173632626001155,MSAVI
2025-01-17 00:00:00.000000,0.6991418720900605,MSAVI
2025-02-02 00:00:00.000000,0.7276704416494721,MSAVI
2025-02-18 00:00:00.000000,0.6163984937586349,MSAVI
2025-03-06 00:00:00.000000,0.586783451087036,MSAVI
2025-03-22 00:00:00.000000,0.4475663768276379,MSAVI
2025-04-07 00:00:00.000000,0.6985926504804183,MSAVI
2025-04-23 00:00:00.000000,0.2727392759882032,MSAVI
2025-05-09 00:00:00.000000,0.6618306528475326,MSAVI
2025-05-25 00:00:00.000000,0.6239782307150213,MSAVI
2019-01-01 00:00:00.000000,0.10334656903598771,NBR
2019-01-17 00:00:00.000000,0.1252786954762327,NBR
2019-02-02 00:00:00.000000,0.09548491844446348,NBR
2019-02-18 00:00:00.000000,0.12944938378862636,NBR
2019-03-06 00:00:00.000000,0.12491754651471164,NBR
2019-03-22 00:00:00.000000,0.14671830756875945,NBR
2019-04-07 00:00:00.000000,0.16681044433899891,NBR
2019-04-23 00:00:00.000000,0.15184400861705832,NBR
2019-05-09 00:00:00.000000,0.1340140403710311,NBR
2019-05-25 00:00:00.000000,0.13309104395692276,NBR
2019-06-10 00:00:00.000000,0.12454279901649781,NBR
2019-06-26 00:00:00.000000,0.14226507067249664,NBR
2019-07-12 00:00:00.000000,0.11616438490134899,NBR
2019-07-28 00:00:00.000000,0.08707761242260932,NBR
2019-08-13 00:00:00.000000,0.09894313784350188,NBR
2019-08-29 00:00:00.000000,0.047986269284010646,NBR
2019-09-14 00:00:00.000000,0.013206504875122281,NBR
2019-09-30 00:00:00.000000,0.0511270521745291,NBR
2019-10-16 00:00:00.000000,0.0759685587667342,NBR
2019-11-01 00:00:00.000000,0.05589354935688294,NBR
2019-11-17 00:00:00.000000,0.13573861925173178,NBR
2019-12-03 00:00:00.000000,0.12800758346912652,NBR
2019-12-19 00:00:00.000000,0.11134392631330726,NBR
2020-01-01 00:00:00.000000,0.08834700171118225,NBR
2020-01-17 00:00:00.000000,0.10333472951389441,NBR
2020-02-02 00:00:00.000000,0.12158242372844213,NBR
2020-02-18 00:00:00.000000,0.09790339252496519,NBR
2020-03-05 00:00:00.000000,0.08907913507872815,NBR
2020-03-21 00:00:00.000000,0.13339041720804862,NBR
2020-04-06 00:00:00.000000,0.1127974234728166,NBR
2020-04-22 00:00:00.000000,0.1552559072308889,NBR
2020-05-08 00:00:00.000000,0.1430829701293384,NBR
2020-05-24 00:00:00.000000,0.15372338476088696,NBR
2020-06-09 00:00:00.000000,0.12082439730597333,NBR
2020-06-25 00:00:00.000000,0.13011990064566273,NBR
2020-07-11 00:00:00.000000,0.1131459852624165,NBR
2020-07-27 00:00:00.000000,0.09877795278215985,NBR
2020-08-12 00:00:00.000000,0.08755811183479814,NBR
2020-08-28 00:00:00.000000,0.0796967419094234,NBR
2020-09-13 00:00:00.000000,0.03621210872357601,NBR
2020-09-29 00:00:00.000000,0.027287435065829306,NBR
2020-10-15 00:00:00.000000,0.28284735229886476,NBR
2020-10-31 00:00:00.000000,0.12385463077316661,NBR
2020-11-16 00:00:00.000000,0.09169899069292227,NBR
2020-12-02 00:00:00.000000,0.11376774733239141,NBR
2020-12-18 00:00:00.000000,0.07745580090594568,NBR
2021-01-01 00:00:00.000000,0.11028462650434116,NBR
2021-01-17 00:00:00.000000,0.12743189090463883,NBR
2021-02-02 00:00:00.000000,0.11642843399993347,NBR
2021-02-18 00:00:00.000000,0.14577480949197422,NBR
2021-03-06 00:00:00.000000,0.0822395812223326,NBR
2021-03-22 00:00:00.000000,0.12216942246447002,NBR
2021-04-07 00:00:00.000000,0.1278795019175984,NBR
2021-04-23 00:00:00.000000,0.13302614332913085,NBR
2021-05-09 00:00:00.000000,0.07943464811350191,NBR
2021-05-25 00:00:00.000000,0.09005006844247278,NBR
2021-06-10 00:00:00.000000,0.0653550302339712,NBR
2021-06-26 00:00:00.000000,0.07992607945776846,NBR
2021-07-12 00:00:00.000000,0.06027669338754662,NBR
2021-07-28 00:00:00.000000,0.027167334656410757,NBR
2021-08-13 00:00:00.000000,0.03064163667604846,NBR
2021-08-29 00:00:00.000000,0.014137687395141115,NBR
2021-09-14 00:00:00.000000,0.0014082301164630765,NBR
2021-09-30 00:00:00.000000,0.008993440374353704,NBR
2021-10-16 00:00:00.000000,0.10587129325533196,NBR
2021-11-01 00:00:00.000000,0.07292927973949663,NBR
2021-11-17 00:00:00.000000,0.1352559506758605,NBR
2021-12-03 00:00:00.000000,0.06917070397650744,NBR
2021-12-19 00:00:00.000000,0.11962437386484788,NBR
2022-01-01 00:00:00.000000,0.15946743755536533,NBR
2022-01-17 00:00:00.000000,0.09744274258973255,NBR
2022-02-02 00:00:00.000000,0.08792746240406958,NBR
2022-02-18 00:00:00.000000,0.10935218257015455,NBR
2022-03-06 00:00:00.000000,0.1111083347636449,NBR
2022-03-22 00:00:00.000000,0.09106509657918092,NBR
2022-04-07 00:00:00.000000,0.1237748807496582,NBR
2022-04-23 00:00:00.000000,0.12488859988076105,NBR
2022-05-09 00:00:00.000000,0.15137691834176362,NBR
2022-05-25 00:00:00.000000,0.09655256687504676,NBR
2022-06-10 00:00:00.000000,0.10031780080360428,NBR
2022-06-26 00:00:00.000000,0.07344766698195108,NBR
2022-07-12 00:00:00.000000,0.06177864877359022,NBR
2022-07-28 00:00:00.000000,0.04166015044408188,NBR
2022-08-13 00:00:00.000000,0.029790561057816602,NBR
2022-08-29 00:00:00.000000,-0.008348649146131287,NBR
2022-09-14 00:00:00.000000,0.027428857233031373,NBR
2022-09-30 00:00:00.000000,0.01088046234945441,NBR
2022-10-16 00:00:00.000000,0.05712950410488535,NBR
2022-11-01 00:00:00.000000,0.024621603355297225,NBR
2022-11-17 00:00:00.000000,0.0649860581838909,NBR
2022-12-03 00:00:00.000000,0.07254725165546959,NBR
2022-12-19 00:00:00.000000,0.16887701950790218,NBR
2023-01-01 00:00:00.000000,0.08831428262604091,NBR
2023-01-17 00:00:00.000000,0.10734249272455686,NBR
2023-02-02 00:00:00.000000,0.10202374257025924,NBR
2023-02-18 00:00:00.000000,0.11181348461259669,NBR
2023-03-06 00:00:00.000000,0.09270404388431203,NBR
2023-03-22 00:00:00.000000,0.12440577990407728,NBR
2023-04-07 00:00:00.000000,0.12218745476179244,NBR
2023-04-23 00:00:00.000000,0.13169815701268348,NBR
2023-05-09 00:00:00.000000,0.14484699872230533,NBR
2023-05-25 00:00:00.000000,0.1271106286904353,NBR
2023-06-10 00:00:00.000000,0.10930974477596953,NBR
2023-06-26 00:00:00.000000,0.08257612841074885,NBR
2023-07-12 00:00:00.000000,0.06379880655165086,NBR
2023-07-28 00:00:00.000000,0.05679397016393228,NBR
2023-08-13 00:00:00.000000,0.03277337049339109,NBR
2023-08-29 00:00:00.000000,0.048181878048524175,NBR
2023-09-14 00:00:00.000000,0.006164280985486106,NBR
2023-09-30 00:00:00.000000,0.10537912849836147,NBR
2023-10-16 00:00:00.000000,0.15983970680044432,NBR
2023-11-01 00:00:00.000000,0.0692526198774921,NBR
2023-11-17 00:00:00.000000,0.4065819380527078,NBR
2023-12-03 00:00:00.000000,0.0742828840095707,NBR
2023-12-19 00:00:00.000000,0.0915920842907536,NBR
2024-01-01 00:00:00.000000,0.1301233064363992,NBR
2024-01-17 00:00:00.000000,0.08577268871271215,NBR
2024-02-02 00:00:00.000000,0.10560737152422497,NBR
2024-02-18 00:00:00.000000,0.0828727902113977,NBR
2024-03-05 00:00:00.000000,0.11925157230987617,NBR
2024-03-21 00:00:00.000000,0.09258192485019015,NBR
2024-04-06 00:00:00.000000,0.12053958244022461,NBR
2024-04-22 00:00:00.000000,0.14294495851525574,NBR
2024-05-08 00:00:00.000000,0.12582476082660587,NBR
2024-05-24 00:00:00.000000,0.128824290130751,NBR
2024-06-09 00:00:00.000000,0.11578920799966998,NBR
2024-06-25 00:00:00.000000,0.07799399228344298,NBR
2024-07-11 00:00:00.000000,0.05293406793033062,NBR
2024-07-27 00:00:00.000000,0.046244129666945806,NBR
2024-08-12 00:00:00.000000,0.039727963306727676,NBR
2024-08-28 00:00:00.000000,0.032163928404680985,NBR
2024-09-13 00:00:00.000000,-0.0064423339551685985,NBR
2024-09-29 00:00:00.000000,-0.029720887569726573,NBR
2024-10-15 00:00:00.000000,0.12912676455656497,NBR
2024-10-31 00:00:00.000000,0.6710989605077102,NBR
2024-11-16 00:00:00.000000,0.04904643612903907,NBR
2024-12-02 00:00:00.000000,0.12981505689523,NBR
2024-12-18 00:00:00.000000,0.09383460769038303,NBR
2025-01-01 00:00:00.000000,0.11580097958652105,NBR
2025-01-17 00:00:00.000000,0.096615951609085,NBR
2025-02-02 00:00:00.000000,0.12883858234049522,NBR
2025-02-18 00:00:00.000000,0.1315913226100051,NBR
2025-03-06 00:00:00.000000,0.1157865140891526,NBR
2025-03-22 00:00:00.000000,0.09573697913341818,NBR
2025-04-07 00:00:00.000000,0.1486250642211077,NBR
2025-04-23 00:00:00.000000,0.10030920836650101,NBR
2025-05-09 00:00:00.000000,0.13965266103901386,NBR
2025-05-25 00:00:00.000000,0.09215947043435638,NBR
2019-01-01 00:00:00.000000,0.10334656903598771,NDMI
2019-01-17 00:00:00.000000,0.1252786954762327,NDMI
2019-02-02 00:00:00.000000,0.09548491844446348,NDMI
2019-02-18 00:00:00.000000,0.12944938378862636,NDMI
2019-03-06 00:00:00.000000,0.12491754651471164,NDMI
2019-03-22 00:00:00.000000,0.14671830756875945,NDMI
2019-04-07 00:00:00.000000,0.16681044433899891,NDMI
2019-04-23 00:00:00.000000,0.15184400861705832,NDMI
2019-05-09 00:00:00.000000,0.1340140403710311,NDMI
2019-05-25 00:00:00.000000,0.13309104395692276,NDMI
2019-06-10 00:00:00.000000,0.12454279901649781,NDMI
2019-06-26 00:00:00.000000,0.14226507067249664,NDMI
2019-07-12 00:00:00.000000,0.11616438490134899,NDMI
2019-07-28 00:00:00.000000,0.08707761242260932,NDMI
2019-08-13 00:00:00.000000,0.09894313784350188,NDMI
2019-08-29 00:00:00.000000,0.047986269284010646,NDMI
2019-09-14 00:00:00.000000,0.013206504875122281,NDMI
2019-09-30 00:00:00.000000,0.0511270521745291,NDMI
2019-10-16 00:00:00.000000,0.0759685587667342,NDMI
2019-11-01 00:00:00.000000,0.05589354935688294,NDMI
2019-11-17 00:00:00.000000,0.13573861925173178,NDMI
2019-12-03 00:00:00.000000,0.12800758346912652,NDMI
2019-12-19 00:00:00.000000,0.11134392631330726,NDMI
2020-01-01 00:00:00.000000,0.08834700171118225,NDMI
2020-01-17 00:00:00.000000,0.10333472951389441,NDMI
2020-02-02 00:00:00.000000,0.12158242372844213,NDMI
2020-02-18 00:00:00.000000,0.09790339252496519,NDMI
2020-03-05 00:00:00.000000,0.08907913507872815,NDMI
2020-03-21 00:00:00.000000,0.13339041720804862,NDMI
2020-04-06 00:00:00.000000,0.1127974234728166,NDMI
2020-04-22 00:00:00.000000,0.1552559072308889,NDMI
2020-05-08 00:00:00.000000,0.1430829701293384,NDMI
2020-05-24 00:00:00.000000,0.15372338476088696,NDMI
2020-06-09 00:00:00.000000,0.12082439730597333,NDMI
2020-06-25 00:00:00.000000,0.13011990064566273,NDMI
2020-07-11 00:00:00.000000,0.1131459852624165,NDMI
2020-07-27 00:00:00.000000,0.09877795278215985,NDMI
2020-08-12 00:00:00.000000,0.08755811183479814,NDMI
2020-08-28 00:00:00.000000,0.0796967419094234,NDMI
2020-09-13 00:00:00.000000,0.03621210872357601,NDMI
2020-09-29 00:00:00.000000,0.027287435065829306,NDMI
2020-10-15 00:00:00.000000,0.28284735229886476,NDMI
2020-10-31 00:00:00.000000,0.12385463077316661,NDMI
2020-11-16 00:00:00.000000,0.09169899069292227,NDMI
2020-12-02 00:00:00.000000,0.11376774733239141,NDMI
2020-12-18 00:00:00.000000,0.07745580090594568,NDMI
2021-01-01 00:00:00.000000,0.11028462650434116,NDMI
2021-01-17 00:00:00.000000,0.12743189090463883,NDMI
2021-02-02 00:00:00.000000,0.11642843399993347,NDMI
2021-02-18 00:00:00.000000,0.14577480949197422,NDMI
2021-03-06 00:00:00.000000,0.0822395812223326,NDMI
2021-03-22 00:00:00.000000,0.12216942246447002,NDMI
2021-04-07 00:00:00.000000,0.1278795019175984,NDMI
2021-04-23 00:00:00.000000,0.13302614332913085,NDMI
2021-05-09 00:00:00.000000,0.07943464811350191,NDMI
2021-05-25 00:00:00.000000,0.09005006844247278,NDMI
2021-06-10 00:00:00.000000,0.0653550302339712,NDMI
2021-06-26 00:00:00.000000,0.07992607945776846,NDMI
2021-07-12 00:00:00.000000,0.06027669338754662,NDMI
2021-07-28 00:00:00.000000,0.027167334656410757,NDMI
2021-08-13 00:00:00.000000,0.03064163667604846,NDMI
2021-08-29 00:00:00.000000,0.014137687395141115,NDMI
2021-09-14 00:00:00.000000,0.0014082301164630765,NDMI
2021-09-30 00:00:00.000000,0.008993440374353704,NDMI
2021-10-16 00:00:00.000000,0.10587129325533196,NDMI
2021-11-01 00:00:00.000000,0.07292927973949663,NDMI
2021-11-17 00:00:00.000000,0.1352559506758605,NDMI
2021-12-03 00:00:00.000000,0.06917070397650744,NDMI
2021-12-19 00:00:00.000000,0.11962437386484788,NDMI
2022-01-01 00:00:00.000000,0.15946743755536533,NDMI
2022-01-17 00:00:00.000000,0.09744274258973255,NDMI
2022-02-02 00:00:00.000000,0.08792746240406958,NDMI
2022-02-18 00:00:00.000000,0.10935218257015455,NDMI
2022-03-06 00:00:00.000000,0.1111083347636449,NDMI
2022-03-22 00:00:00.000000,0.09106509657918092,NDMI
2022-04-07 00:00:00.000000,0.1237748807496582,NDMI
2022-04-23 00:00:00.000000,0.12488859988076105,NDMI
2022-05-09 00:00:00.000000,0.15137691834176362,NDMI
2022-05-25 00:00:00.000000,0.09655256687504676,NDMI
2022-06-10 00:00:00.000000,0.10031780080360428,NDMI
2022-06-26 00:00:00.000000,0.07344766698195108,NDMI
2022-07-12 00:00:00.000000,0.06177864877359022,NDMI
2022-07-28 00:00:00.000000,0.04166015044408188,NDMI
2022-08-13 00:00:00.000000,0.029790561057816602,NDMI
2022-08-29 00:00:00.000000,-0.008348649146131287,NDMI
2022-09-14 00:00:00.000000,0.027428857233031373,NDMI
2022-09-30 00:00:00.000000,0.01088046234945441,NDMI
2022-10-16 00:00:00.000000,0.05712950410488535,NDMI
2022-11-01 00:00:00.000000,0.024621603355297225,NDMI
2022-11-17 00:00:00.000000,0.0649860581838909,NDMI
2022-12-03 00:00:00.000000,0.07254725165546959,NDMI
2022-12-19 00:00:00.000000,0.16887701950790218,NDMI
2023-01-01 00:00:00.000000,0.08831428262604091,NDMI
2023-01-17 00:00:00.000000,0.10734249272455686,NDMI
2023-02-02 00:00:00.000000,0.10202374257025924,NDMI
2023-02-18 00:00:00.000000,0.11181348461259669,NDMI
2023-03-06 00:00:00.000000,0.09270404388431203,NDMI
2023-03-22 00:00:00.000000,0.12440577990407728,NDMI
2023-04-07 00:00:00.000000,0.12218745476179244,NDMI
2023-04-23 00:00:00.000000,0.13169815701268348,NDMI
2023-05-09 00:00:00.000000,0.14484699872230533,NDMI
2023-05-25 00:00:00.000000,0.1271106286904353,NDMI
2023-06-10 00:00:00.000000,0.10930974477596953,NDMI
2023-06-26 00:00:00.000000,0.08257612841074885,NDMI
2023-07-12 00:00:00.000000,0.06379880655165086,NDMI
2023-07-28 00:00:00.000000,0.05679397016393228,NDMI
2023-08-13 00:00:00.000000,0.03277337049339109,NDMI
2023-08-29 00:00:00.000000,0.048181878048524175,NDMI
2023-09-14 00:00:00.000000,0.006164280985486106,NDMI
2023-09-30 00:00:00.000000,0.10537912849836147,NDMI
2023-10-16 00:00:00.000000,0.15983970680044432,NDMI
2023-11-01 00:00:00.000000,0.0692526198774921,NDMI
2023-11-17 00:00:00.000000,0.4065819380527078,NDMI
2023-12-03 00:00:00.000000,0.0742828840095707,NDMI
2023-12-19 00:00:00.000000,0.0915920842907536,NDMI
2024-01-01 00:00:00.000000,0.1301233064363992,NDMI
2024-01-17 00:00:00.000000,0.08577268871271215,NDMI
2024-02-02 00:00:00.000000,0.10560737152422497,NDMI
2024-02-18 00:00:00.000000,0.0828727902113977,NDMI
2024-03-05 00:00:00.000000,0.11925157230987617,NDMI
2024-03-21 00:00:00.000000,0.09258192485019015,NDMI
2024-04-06 00:00:00.000000,0.12053958244022461,NDMI
2024-04-22 00:00:00.000000,0.14294495851525574,NDMI
2024-05-08 00:00:00.000000,0.12582476082660587,NDMI
2024-05-24 00:00:00.000000,0.128824290130751,NDMI
2024-06-09 00:00:00.000000,0.11578920799966998,NDMI
2024-06-25 00:00:00.000000,0.07799399228344298,NDMI
2024-07-11 00:00:00.000000,0.05293406793033062,NDMI
2024-07-27 00:00:00.000000,0.046244129666945806,NDMI
2024-08-12 00:00:00.000000,0.039727963306727676,NDMI
2024-08-28 00:00:00.000000,0.032163928404680985,NDMI
2024-09-13 00:00:00.000000,-0.0064423339551685985,NDMI
2024-09-29 00:00:00.000000,-0.029720887569726573,NDMI
2024-10-15 00:00:00.000000,0.12912676455656497,NDMI
2024-10-31 00:00:00.000000,0.6710989605077102,NDMI
2024-11-16 00:00:00.000000,0.04904643612903907,NDMI
2024-12-02 00:00:00.000000,0.12981505689523,NDMI
2024-12-18 00:00:00.000000,0.09383460769038303,NDMI
2025-01-01 00:00:00.000000,0.11580097958652105,NDMI
2025-01-17 00:00:00.000000,0.096615951609085,NDMI
2025-02-02 00:00:00.000000,0.12883858234049522,NDMI
2025-02-18 00:00:00.000000,0.1315913226100051,NDMI
2025-03-06 00:00:00.000000,0.1157865140891526,NDMI
2025-03-22 00:00:00.000000,0.09573697913341818,NDMI
2025-04-07 00:00:00.000000,0.1486250642211077,NDMI
2025-04-23 00:00:00.000000,0.10030920836650101,NDMI
2025-05-09 00:00:00.000000,0.13965266103901386,NDMI
2025-05-25 00:00:00.000000,0.09215947043435638,NDMI
2019-01-01 00:00:00.000000,0.31217467226411516,NDRE
2019-01-17 00:00:00.000000,0.434287085027115,NDRE
2019-02-02 00:00:00.000000,0.42079942565430745,NDRE
2019-02-18 00:00:00.000000,0.462500915003646,NDRE
2019-03-06 00:00:00.000000,0.4872348827513146,NDRE
2019-03-22 00:00:00.000000,0.4523921632069162,NDRE
2019-04-07 00:00:00.000000,0.501609985704002,NDRE
2019-04-23 00:00:00.000000,0.40123195310605175,NDRE
2019-05-09 00:00:00.000000,0.5017111232945275,NDRE
2019-05-25 00:00:00.000000,0.39664034536524384,NDRE
2019-06-10 00:00:00.000000,0.3527856086109402,NDRE
2019-06-26 00:00:00.000000,0.4703488568636781,NDRE
2019-07-12 00:00:00.000000,0.4805827668614694,NDRE
2019-07-28 00:00:00.000000,0.44191090449689424,NDRE
2019-08-13 00:00:00.000000,0.4095220317174481,NDRE
2019-08-29 00:00:00.000000,0.403390904981613,NDRE
2019-09-14 00:00:00.000000,0.35187341309904113,NDRE
2019-09-30 00:00:00.000000,0.20964117717835373,NDRE
2019-10-16 00:00:00.000000,0.31119101492478285,NDRE
2019-11-01 00:00:00.000000,0.386425978649336,NDRE
2019-11-17 00:00:00.000000,-0.013638381866500866,NDRE
2019-12-03 00:00:00.000000,0.2592845092885779,NDRE
2019-12-19 00:00:00.000000,0.2808224728479679,NDRE
2020-01-01 00:00:00.000000,0.3663512854043093,NDRE
2020-01-17 00:00:00.000000,0.0116356753080327,NDRE
2020-02-02 00:00:00.000000,0.3271479582167587,NDRE
2020-02-18 00:00:00.000000,0.2565519239391481,NDRE
2020-03-05 00:00:00.000000,0.29736314567373856,NDRE
2020-03-21 00:00:00.000000,0.4339759931444072,NDRE
2020-04-06 00:00:00.000000,0.22043676870261314,NDRE
2020-04-22 00:00:00.000000,0.4253592884611305,NDRE
2020-05-08 00:00:00.000000,0.45490125982715485,NDRE
2020-05-24 00:00:00.000000,0.4880119936081268,NDRE
2020-06-09 00:00:00.000000,0.46529074408211896,NDRE
2020-06-25 00:00:00.000000,0.5034816995354968,NDRE
2020-07-11 00:00:00.000000,0.4374807737880845,NDRE
2020-07-27 00:00:00.000000,0.32996538050340385,NDRE
2020-08-12 00:00:00.000000,0.4455419569742123,NDRE
2020-08-28 00:00:00.000000,0.4049398709292088,NDRE
2020-09-13 00:00:00.000000,0.35546886149850826,NDRE
2020-09-29 00:00:00.000000,0.359465369834533,NDRE
2020-10-15 00:00:00.000000,0.060885545587888994,NDRE
2020-10-31 00:00:00.000000,0.23154230264564035,NDRE
2020-11-16 00:00:00.000000,0.2323762446994711,NDRE
2020-12-02 00:00:00.000000,0.45980340735491293,NDRE
2020-12-18 00:00:00.000000,0.2734592821512524,NDRE
2021-01-01 00:00:00.000000,-0.018958709228198225,NDRE
2021-01-17 00:00:00.000000,0.42510424117994405,NDRE
2021-02-02 00:00:00.000000,0.28130461187077516,NDRE
2021-02-18 00:00:00.000000,0.3938248755782442,NDRE
2021-03-06 00:00:00.000000,0.003068480248830238,NDRE
2021-03-22 00:00:00.000000,0.42950465903449425,NDRE
2021-04-07 00:00:00.000000,0.4190940201470611,NDRE
2021-04-23 00:00:00.000000,0.45631914822645836,NDRE
2021-05-09 00:00:00.000000,0.15712724291402316,NDRE
2021-05-25 00:00:00.000000,0.4230635817242201,NDRE
2021-06-10 00:00:00.000000,0.41514681875347703,NDRE
2021-06-26 00:00:00.000000,0.30309257850214527,NDRE
2021-07-12 00:00:00.000000,0.38295116446172806,NDRE
2021-07-28 00:00:00.000000,0.3659619067714722,NDRE
2021-08-13 00:00:00.000000,0.3349714308727996,NDRE
2021-08-29 00:00:00.000000,0.3355202967175506,NDRE
2021-09-14 00:00:00.000000,0.31369510542565565,NDRE
2021-09-30 00:00:00.000000,0.31239517346659446,NDRE
2021-10-16 00:00:00.000000,-0.035252642945543845,NDRE
2021-11-01 00:00:00.000000,0.07493586530125525,NDRE
2021-11-17 00:00:00.000000,0.22375400156002126,NDRE
2021-12-03 00:00:00.000000,-0.013365340597757906,NDRE
2021-12-19 00:00:00.000000,0.17840615630966664,NDRE
2022-01-01 00:00:00.000000,0.15195541808135046,NDRE
2022-01-17 00:00:00.000000,0.3183897698916605,NDRE
2022-02-02 00:00:00.000000,0.12263182411215345,NDRE
2022-02-18 00:00:00.000000,0.29855710994722046,NDRE
2022-03-06 00:00:00.000000,0.3834875778958011,NDRE
2022-03-22 00:00:00.000000,0.004428130129058329,NDRE
2022-04-07 00:00:00.000000,0.28708210029901476,NDRE
2022-04-23 00:00:00.000000,0.4473841941932724,NDRE
2022-05-09 00:00:00.000000,0.47850758951948474,NDRE
2022-05-25 00:00:00.000000,0.40918300173617805,NDRE
2022-06-10 00:00:00.000000,0.44131406644920484,NDRE
2022-06-26 00:00:00.000000,0.3701891694975997,NDRE
2022-07-12 00:00:00.000000,0.36540184903670253,NDRE
2022-07-28 00:00:00.000000,0.3795724494315653,NDRE
2022-08-13 00:00:00.000000,0.3734755955005313,NDRE
2022-08-29 00:00:00.000000,0.3122137834600642,NDRE
2022-09-14 00:00:00.000000,0.16874444325017893,NDRE
2022-09-30 00:00:00.000000,0.2736945440695761,NDRE
2022-10-16 00:00:00.000000,0.1276260214907514,NDRE
2022-11-01 00:00:00.000000,0.12805627818408466,NDRE
2022-11-17 00:00:00.000000,0.36073666999610665,NDRE
2022-12-03 00:00:00.000000,0.246029521087866,NDRE
2022-12-19 00:00:00.000000,0.0008416701358789176,NDRE
2023-01-01 00:00:00.000000,0.259981224577981,NDRE
2023-01-17 00:00:00.000000,0.1612406055170724,NDRE
2023-02-02 00:00:00.000000,0.3705149457147634,NDRE
2023-02-18 00:00:00.000000,0.2860683726303262,NDRE
2023-03-06 00:00:00.000000,0.24415457285254544,NDRE
2023-03-22 00:00:00.000000,0.4700604883888983,NDRE
2023-04-07 00:00:00.000000,0.4397353985543754,NDRE
2023-04-23 00:00:00.000000,0.4710254010426085,NDRE
2023-05-09 00:00:00.000000,0.4665267616213409,NDRE
2023-05-25 00:00:00.000000,0.4292600001698162,NDRE
2023-06-10 00:00:00.000000,0.45306405564484437,NDRE
2023-06-26 00:00:00.000000,0.4254555001897597,NDRE
2023-07-12 00:00:00.000000,0.38505714768096205,NDRE
2023-07-28 00:00:00.000000,0.3973183041508934,NDRE
2023-08-13 00:00:00.000000,0.30977491076738267,NDRE
2023-08-29 00:00:00.000000,0.10712689143473812,NDRE
2023-09-14 00:00:00.000000,0.3509274825310359,NDRE
2023-09-30 00:00:00.000000,-0.003178288645873041,NDRE
2023-10-16 00:00:00.000000,0.11546026717581116,NDRE
2023-11-01 00:00:00.000000,0.41323251525249316,NDRE
2023-11-17 00:00:00.000000,-0.03887088773084691,NDRE
2023-12-03 00:00:00.000000,0.3372930399279303,NDRE
2023-12-19 00:00:00.000000,0.35918660037445355,NDRE
2024-01-01 00:00:00.000000,0.15914308618879835,NDRE
2024-01-17 00:00:00.000000,0.3314770415049046,NDRE
2024-02-02 00:00:00.000000,0.35184740853924557,NDRE
2024-02-18 00:00:00.000000,0.3220909245289166,NDRE
2024-03-05 00:00:00.000000,0.372254973302329,NDRE
2024-03-21 00:00:00.000000,0.24102605863533577,NDRE
2024-04-06 00:00:00.000000,0.45311847169873276,NDRE
2024-04-22 00:00:00.000000,0.4969007821205382,NDRE
2024-05-08 00:00:00.000000,0.4855881514804271,NDRE
2024-05-24 00:00:00.000000,0.46867536294831236,NDRE
2024-06-09 00:00:00.000000,0.4609085567545566,NDRE
2024-06-25 00:00:00.000000,0.44318957955186367,NDRE
2024-07-11 00:00:00.000000,0.4079474335683267,NDRE
2024-07-27 00:00:00.000000,0.2231731292712346,NDRE
2024-08-12 00:00:00.000000,0.3984070810856549,NDRE
2024-08-28 00:00:00.000000,0.36969544029928386,NDRE
2024-09-13 00:00:00.000000,0.3304911029785271,NDRE
2024-09-29 00:00:00.000000,0.24225267815296236,NDRE
2024-10-15 00:00:00.000000,-0.04334798010013997,NDRE
2024-10-31 00:00:00.000000,0.0089986255454468,NDRE
2024-11-16 00:00:00.000000,0.3221530313322043,NDRE
2024-12-02 00:00:00.000000,0.2907710376555855,NDRE
2024-12-18 00:00:00.000000,0.23748626083021526,NDRE
2025-01-01 00:00:00.000000,0.19553039394184912,NDRE
2025-01-17 00:00:00.000000,0.38441478492211867,NDRE
2025-02-02 00:00:00.000000,0.3753177033060589,NDRE
2025-02-18 00:00:00.000000,0.33854559142552276,NDRE
2025-03-06 00:00:00.000000,0.31681302285020824,NDRE
2025-03-22 00:00:00.000000,0.20620788136783078,NDRE
2025-04-07 00:00:00.000000,0.39818206441258913,NDRE
2025-04-23 00:00:00.000000,0.11648299342720503,NDRE
2025-05-09 00:00:00.000000,0.3773420576939304,NDRE
2025-05-25 00:00:00.000000,0.3486515622111529,NDRE
2019-01-01 00:00:00.000000,0.4613745821331,NDVI
2019-01-17 00:00:00.000000,0.667064982008335,NDVI
2019-02-02 00:00:00.000000,0.6316205900272791,NDVI
2019-02-18 00:00:00.000000,0.6753572982184951,NDVI
2019-03-06 00:00:00.000000,0.7161436297759248,NDVI
2019-03-22 00:00:00.000000,0.6774878160367619,NDVI
2019-04-07 00:00:00.000000,0.7285021441671409,NDVI
2019-04-23 00:00:00.000000,0.6049737140591054,NDVI
2019-05-09 00:00:00.000000,0.7165623526230139,NDVI
2019-05-25 00:00:00.000000,0.5746990126254828,NDVI
2019-06-10 00:00:00.000000,0.5177693256164048,NDVI
2019-06-26 00:00:00.000000,0.6888182660375619,NDVI
2019-07-12 00:00:00.000000,0.6937397456612705,NDVI
2019-07-28 00:00:00.000000,0.6444123529739557,NDVI
2019-08-13 00:00:00.000000,0.6079314311920694,NDVI
2019-08-29 00:00:00.000000,0.5912856494313716,NDVI
2019-09-14 00:00:00.000000,0.5254902343721117,NDVI
2019-09-30 00:00:00.000000,0.336218049706976,NDVI
2019-10-16 00:00:00.000000,0.48828468246995665,NDVI
2019-11-01 00:00:00.000000,0.6072476667644119,NDVI
2019-11-17 00:00:00.000000,0.023097069721183805,NDVI
2019-12-03 00:00:00.000000,0.40310640901040345,NDVI
2019-12-19 00:00:00.000000,0.4286359693049562,NDVI
2020-01-01 00:00:00.000000,0.5554688031660465,NDVI
2020-01-17 00:00:00.000000,0.03850921462979518,NDVI
2020-02-02 00:00:00.000000,0.49442582458845213,NDVI
2020-02-18 00:00:00.000000,0.3782074114872267,NDVI
2020-03-05 00:00:00.000000,0.44175699622342046,NDVI
2020-03-21 00:00:00.000000,0.63291111743791,NDVI
2020-04-06 00:00:00.000000,0.3302742541853178,NDVI
2020-04-22 00:00:00.000000,0.5972014960604376,NDVI
2020-05-08 00:00:00.000000,0.6743770761146203,NDVI
2020-05-24 00:00:00.000000,0.72331395682455,NDVI
2020-06-09 00:00:00.000000,0.6944318033896413,NDVI
2020-06-25 00:00:00.000000,0.720956543195564,NDVI
2020-07-11 00:00:00.000000,0.651128543548843,NDVI
2020-07-27 00:00:00.000000,0.4943683163357837,NDVI
2020-08-12 00:00:00.000000,0.6580883776392847,NDVI
2020-08-28 00:00:00.000000,0.6060213473495556,NDVI
2020-09-13 00:00:00.000000,0.5514806587761696,NDVI
2020-09-29 00:00:00.000000,0.5598220250826751,NDVI
2020-10-15 00:00:00.000000,0.1267837487265626,NDVI
2020-10-31 00:00:00.000000,0.364320919346352,NDVI
2020-11-16 00:00:00.000000,0.3690100500806855,NDVI
2020-12-02 00:00:00.000000,0.6799219957075452,NDVI
2020-12-18 00:00:00.000000,0.4295234180877888,NDVI
2021-01-01 00:00:00.000000,0.011747113689496849,NDVI
2021-01-17 00:00:00.000000,0.669118125895187,NDVI
2021-02-02 00:00:00.000000,0.431479107723547,NDVI
2021-02-18 00:00:00.000000,0.5718418500615364,NDVI
2021-03-06 00:00:00.000000,0.045039897042887085,NDVI
2021-03-22 00:00:00.000000,0.665192132457632,NDVI
2021-04-07 00:00:00.000000,0.6535656760653342,NDVI
2021-04-23 00:00:00.000000,0.675579343630901,NDVI
2021-05-09 00:00:00.000000,0.2483560212961947,NDVI
2021-05-25 00:00:00.000000,0.6597524372370033,NDVI
2021-06-10 00:00:00.000000,0.6325964648914023,NDVI
2021-06-26 00:00:00.000000,0.4580578982892752,NDVI
2021-07-12 00:00:00.000000,0.6106642347748065,NDVI
2021-07-28 00:00:00.000000,0.5690915879801904,NDVI
2021-08-13 00:00:00.000000,0.5401598425240187,NDVI
2021-08-29 00:00:00.000000,0.5455826993692338,NDVI
2021-09-14 00:00:00.000000,0.5041249862372084,NDVI
2021-09-30 00:00:00.000000,0.5316690342067429,NDVI
2021-10-16 00:00:00.000000,-0.01368068831010728,NDVI
2021-11-01 00:00:00.000000,0.15393712669397447,NDVI
2021-11-17 00:00:00.000000,0.3560899674076166,NDVI
2021-12-03 00:00:00.000000,0.017867982535355056,NDVI
2021-12-19 00:00:00.000000,0.28319958049459265,NDVI
2022-01-01 00:00:00.000000,0.25232742901762933,NDVI
2022-01-17 00:00:00.000000,0.48716149908089335,NDVI
2022-02-02 00:00:00.000000,0.19926713673750554,NDVI
2022-02-18 00:00:00.000000,0.46489719590561696,NDVI
2022-03-06 00:00:00.000000,0.5741788250220715,NDVI
2022-03-22 00:00:00.000000,0.0441374724182474,NDVI
2022-04-07 00:00:00.000000,0.44114991306141704,NDVI
2022-04-23 00:00:00.000000,0.6798642007406822,NDVI
2022-05-09 00:00:00.000000,0.6905206636800548,NDVI
2022-05-25 00:00:00.000000,0.6440657633676956,NDVI
2022-06-10 00:00:00.000000,0.6565612883785995,NDVI
2022-06-26 00:00:00.000000,0.578169785073226,NDVI
2022-07-12 00:00:00.000000,0.5802830740278528,NDVI
2022-07-28 00:00:00.000000,0.5945885897947024,NDVI
2022-08-13 00:00:00.000000,0.5761209365234677,NDVI
2022-08-29 00:00:00.000000,0.5118261320528508,NDVI
2022-09-14 00:00:00.000000,0.29512854374743774,NDVI
2022-09-30 00:00:00.000000,0.44005298062267195,NDVI
2022-10-16 00:00:00.000000,0.22771953147868226,NDVI
2022-11-01 00:00:00.000000,0.22290115476623715,NDVI
2022-11-17 00:00:00.000000,0.6024168923637474,NDVI
2022-12-03 00:00:00.000000,0.4060039271644237,NDVI
2022-12-19 00:00:00.000000,0.05613412076763086,NDVI
2023-01-01 00:00:00.000000,0.4135277742987289,NDVI
2023-01-17 00:00:00.000000,0.27320862067034873,NDVI
2023-02-02 00:00:00.000000,0.5889692846475273,NDVI
2023-02-18 00:00:00.000000,0.42191246725626125,NDVI
2023-03-06 00:00:00.000000,0.3913459445369265,NDVI
2023-03-22 00:00:00.000000,0.6946808088866742,NDVI
2023-04-07 00:00:00.000000,0.6745770496109801,NDVI
2023-04-23 00:00:00.000000,0.6929163781127227,NDVI
2023-05-09 00:00:00.000000,0.698011536014227,NDVI
2023-05-25 00:00:00.000000,0.6511595161627667,NDVI
2023-06-10 00:00:00.000000,0.6692728274891908,NDVI
2023-06-26 00:00:00.000000,0.646627160533466,NDVI
2023-07-12 00:00:00.000000,0.5977407985057692,NDVI
2023-07-28 00:00:00.000000,0.6162890570499204,NDVI
2023-08-13 00:00:00.000000,0.502017212037924,NDVI
2023-08-29 00:00:00.000000,0.18254845271555284,NDVI
2023-09-14 00:00:00.000000,0.563804490742251,NDVI
2023-09-30 00:00:00.000000,0.030056712429469636,NDVI
2023-10-16 00:00:00.000000,0.1973311585043135,NDVI
2023-11-01 00:00:00.000000,0.623755328317722,NDVI
2023-11-17 00:00:00.000000,0.00268213315533007,NDVI
2023-12-03 00:00:00.000000,0.5381653797573208,NDVI
2023-12-19 00:00:00.000000,0.5466427829843923,NDVI
2024-01-01 00:00:00.000000,0.25427903135087776,NDVI
2024-01-17 00:00:00.000000,0.5034017329277131,NDVI
2024-02-02 00:00:00.000000,0.549358597513518,NDVI
2024-02-18 00:00:00.000000,0.4856856083515059,NDVI
2024-03-05 00:00:00.000000,0.5623957842180255,NDVI
2024-03-21 00:00:00.000000,0.3793232877178519,NDVI
2024-04-06 00:00:00.000000,0.660985268410441,NDVI
2024-04-22 00:00:00.000000,0.7106624837032195,NDVI
2024-05-08 00:00:00.000000,0.6999243963784276,NDVI
2024-05-24 00:00:00.000000,0.6919410715307505,NDVI
2024-06-09 00:00:00.000000,0.6866904924515753,NDVI
2024-06-25 00:00:00.000000,0.6571495177719417,NDVI
2024-07-11 00:00:00.000000,0.6329513520774107,NDVI
2024-07-27 00:00:00.000000,0.3584432130867196,NDVI
2024-08-12 00:00:00.000000,0.6034594090184247,NDVI
2024-08-28 00:00:00.000000,0.5626780194486105,NDVI
2024-09-13 00:00:00.000000,0.508267251730813,NDVI
2024-09-29 00:00:00.000000,0.38244102979373185,NDVI
2024-10-15 00:00:00.000000,0.005779729788376928,NDVI
2024-10-31 00:00:00.000000,0.015729656091226486,NDVI
2024-11-16 00:00:00.000000,0.5122924618063314,NDVI
2024-12-02 00:00:00.000000,0.4523889866834969,NDVI
2024-12-18 00:00:00.000000,0.38066503096396825,NDVI
2025-01-01 00:00:00.000000,0.30534024973210167,NDVI
2025-01-17 00:00:00.000000,0.5832757856144218,NDVI
2025-02-02 00:00:00.000000,0.615217528764258,NDVI
2025-02-18 00:00:00.000000,0.5068504121888187,NDVI
2025-03-06 00:00:00.000000,0.4804373548140083,NDVI
2025-03-22 00:00:00.000000,0.3478543361406155,NDVI
2025-04-07 00:00:00.000000,0.5851962791566742,NDVI
2025-04-23 00:00:00.000000,0.20110460022144128,NDVI
2025-05-09 00:00:00.000000,0.5477520559149418,NDVI
2025-05-25 00:00:00.000000,0.509654739633955,NDVI
2019-01-01 00:00:00.000000,0.10334656903598771,NDWI
2019-01-17 00:00:00.000000,0.1252786954762327,NDWI
2019-02-02 00:00:00.000000,0.09548491844446348,NDWI
2019-02-18 00:00:00.000000,0.12944938378862636,NDWI
2019-03-06 00:00:00.000000,0.12491754651471164,NDWI
2019-03-22 00:00:00.000000,0.14671830756875945,NDWI
2019-04-07 00:00:00.000000,0.16681044433899891,NDWI
2019-04-23 00:00:00.000000,0.15184400861705832,NDWI
2019-05-09 00:00:00.000000,0.1340140403710311,NDWI
2019-05-25 00:00:00.000000,0.13309104395692276,NDWI
2019-06-10 00:00:00.000000,0.12454279901649781,NDWI
2019-06-26 00:00:00.000000,0.14226507067249664,NDWI
2019-07-12 00:00:00.000000,0.11616438490134899,NDWI
2019-07-28 00:00:00.000000,0.08707761242260932,NDWI
2019-08-13 00:00:00.000000,0.09894313784350188,NDWI
2019-08-29 00:00:00.000000,0.047986269284010646,NDWI
2019-09-14 00:00:00.000000,0.013206504875122281,NDWI
2019-09-30 00:00:00.000000,0.0511270521745291,NDWI
2019-10-16 00:00:00.000000,0.0759685587667342,NDWI
2019-11-01 00:00:00.000000,0.05589354935688294,NDWI
2019-11-17 00:00:00.000000,0.13573861925173178,NDWI
2019-12-03 00:00:00.000000,0.12800758346912652,NDWI
2019-12-19 00:00:00.000000,0.11134392631330726,NDWI
2020-01-01 00:00:00.000000,0.08834700171118225,NDWI
2020-01-17 00:00:00.000000,0.10333472951389441,NDWI
2020-02-02 00:00:00.000000,0.12158242372844213,NDWI
2020-02-18 00:00:00.000000,0.09790339252496519,NDWI
2020-03-05 00:00:00.000000,0.08907913507872815,NDWI
2020-03-21 00:00:00.000000,0.13339041720804862,NDWI
2020-04-06 00:00:00.000000,0.1127974234728166,NDWI
2020-04-22 00:00:00.000000,0.1552559072308889,NDWI
2020-05-08 00:00:00.000000,0.1430829701293384,NDWI
2020-05-24 00:00:00.000000,0.15372338476088696,NDWI
2020-06-09 00:00:00.000000,0.12082439730597333,NDWI
2020-06-25 00:00:00.000000,0.13011990064566273,NDWI
2020-07-11 00:00:00.000000,0.1131459852624165,NDWI
2020-07-27 00:00:00.000000,0.09877795278215985,NDWI
2020-08-12 00:00:00.000000,0.08755811183479814,NDWI
2020-08-28 00:00:00.000000,0.0796967419094234,NDWI
2020-09-13 00:00:00.000000,0.03621210872357601,NDWI
2020-09-29 00:00:00.000000,0.027287435065829306,NDWI
2020-10-15 00:00:00.000000,0.28284735229886476,NDWI
2020-10-31 00:00:00.000000,0.12385463077316661,NDWI
2020-11-16 00:00:00.000000,0.09169899069292227,NDWI
2020-12-02 00:00:00.000000,0.11376774733239141,NDWI
2020-12-18 00:00:00.000000,0.07745580090594568,NDWI
2021-01-01 00:00:00.000000,0.11028462650434116,NDWI
2021-01-17 00:00:00.000000,0.12743189090463883,NDWI
2021-02-02 00:00:00.000000,0.11642843399993347,NDWI
2021-02-18 00:00:00.000000,0.14577480949197422,NDWI
2021-03-06 00:00:00.000000,0.0822395812223326,NDWI
2021-03-22 00:00:00.000000,0.12216942246447002,NDWI
2021-04-07 00:00:00.000000,0.1278795019175984,NDWI
2021-04-23 00:00:00.000000,0.13302614332913085,NDWI
2021-05-09 00:00:00.000000,0.07943464811350191,NDWI
2021-05-25 00:00:00.000000,0.09005006844247278,NDWI
2021-06-10 00:00:00.000000,0.0653550302339712,NDWI
2021-06-26 00:00:00.000000,0.07992607945776846,NDWI
2021-07-12 00:00:00.000000,0.06027669338754662,NDWI
2021-07-28 00:00:00.000000,0.027167334656410757,NDWI
2021-08-13 00:00:00.000000,0.03064163667604846,NDWI
2021-08-29 00:00:00.000000,0.014137687395141115,NDWI
2021-09-14 00:00:00.000000,0.0014082301164630765,NDWI
2021-09-30 00:00:00.000000,0.008993440374353704,NDWI
2021-10-16 00:00:00.000000,0.10587129325533196,NDWI
2021-11-01 00:00:00.000000,0.07292927973949663,NDWI
2021-11-17 00:00:00.000000,0.1352559506758605,NDWI
2021-12-03 00:00:00.000000,0.06917070397650744,NDWI
2021-12-19 00:00:00.000000,0.11962437386484788,NDWI
2022-01-01 00:00:00.000000,0.15946743755536533,NDWI
2022-01-17 00:00:00.000000,0.09744274258973255,NDWI
2022-02-02 00:00:00.000000,0.08792746240406958,NDWI
2022-02-18 00:00:00.000000,0.10935218257015455,NDWI
2022-03-06 00:00:00.000000,0.1111083347636449,NDWI
2022-03-22 00:00:00.000000,0.09106509657918092,NDWI
2022-04-07 00:00:00.000000,0.1237748807496582,NDWI
2022-04-23 00:00:00.000000,0.12488859988076105,NDWI
2022-05-09 00:00:00.000000,0.15137691834176362,NDWI
2022-05-25 00:00:00.000000,0.09655256687504676,NDWI
2022-06-10 00:00:00.000000,0.10031780080360428,NDWI
2022-06-26 00:00:00.000000,0.07344766698195108,NDWI
2022-07-12 00:00:00.000000,0.06177864877359022,NDWI
2022-07-28 00:00:00.000000,0.04166015044408188,NDWI
2022-08-13 00:00:00.000000,0.029790561057816602,NDWI
2022-08-29 00:00:00.000000,-0.008348649146131287,NDWI
2022-09-14 00:00:00.000000,0.027428857233031373,NDWI
2022-09-30 00:00:00.000000,0.01088046234945441,NDWI
2022-10-16 00:00:00.000000,0.05712950410488535,NDWI
2022-11-01 00:00:00.000000,0.024621603355297225,NDWI
2022-11-17 00:00:00.000000,0.0649860581838909,NDWI
2022-12-03 00:00:00.000000,0.07254725165546959,NDWI
2022-12-19 00:00:00.000000,0.16887701950790218,NDWI
2023-01-01 00:00:00.000000,0.08831428262604091,NDWI
2023-01-17 00:00:00.000000,0.10734249272455686,NDWI
2023-02-02 00:00:00.000000,0.10202374257025924,NDWI
2023-02-18 00:00:00.000000,0.11181348461259669,NDWI
2023-03-06 00:00:00.000000,0.09270404388431203,NDWI
2023-03-22 00:00:00.000000,0.12440577990407728,NDWI
2023-04-07 00:00:00.000000,0.12218745476179244,NDWI
2023-04-23 00:00:00.000000,0.13169815701268348,NDWI
2023-05-09 00:00:00.000000,0.14484699872230533,NDWI
2023-05-25 00:00:00.000000,0.1271106286904353,NDWI
2023-06-10 00:00:00.000000,0.10930974477596953,NDWI
2023-06-26 00:00:00.000000,0.08257612841074885,NDWI
2023-07-12 00:00:00.000000,0.06379880655165086,NDWI
2023-07-28 00:00:00.000000,0.05679397016393228,NDWI
2023-08-13 00:00:00.000000,0.03277337049339109,NDWI
2023-08-29 00:00:00.000000,0.048181878048524175,NDWI
2023-09-14 00:00:00.000000,0.006164280985486106,NDWI
2023-09-30 00:00:00.000000,0.10537912849836147,NDWI
2023-10-16 00:00:00.000000,0.15983970680044432,NDWI
2023-11-01 00:00:00.000000,0.0692526198774921,NDWI
2023-11-17 00:00:00.000000,0.4065819380527078,NDWI
2023-12-03 00:00:00.000000,0.0742828840095707,NDWI
2023-12-19 00:00:00.000000,0.0915920842907536,NDWI
2024-01-01 00:00:00.000000,0.1301233064363992,NDWI
2024-01-17 00:00:00.000000,0.08577268871271215,NDWI
2024-02-02 00:00:00.000000,0.10560737152422497,NDWI
2024-02-18 00:00:00.000000,0.0828727902113977,NDWI
2024-03-05 00:00:00.000000,0.11925157230987617,NDWI
2024-03-21 00:00:00.000000,0.09258192485019015,NDWI
2024-04-06 00:00:00.000000,0.12053958244022461,NDWI
2024-04-22 00:00:00.000000,0.14294495851525574,NDWI
2024-05-08 00:00:00.000000,0.12582476082660587,NDWI
2024-05-24 00:00:00.000000,0.128824290130751,NDWI
2024-06-09 00:00:00.000000,0.11578920799966998,NDWI
2024-06-25 00:00:00.000000,0.07799399228344298,NDWI
2024-07-11 00:00:00.000000,0.05293406793033062,NDWI
2024-07-27 00:00:00.000000,0.046244129666945806,NDWI
2024-08-12 00:00:00.000000,0.039727963306727676,NDWI
2024-08-28 00:00:00.000000,0.032163928404680985,NDWI
2024-09-13 00:00:00.000000,-0.0064423339551685985,NDWI
2024-09-29 00:00:00.000000,-0.029720887569726573,NDWI
2024-10-15 00:00:00.000000,0.12912676455656497,NDWI
2024-10-31 00:00:00.000000,0.6710989605077102,NDWI
2024-11-16 00:00:00.000000,0.04904643612903907,NDWI
2024-12-02 00:00:00.000000,0.12981505689523,NDWI
2024-12-18 00:00:00.000000,0.09383460769038303,NDWI
2025-01-01 00:00:00.000000,0.11580097958652105,NDWI
2025-01-17 00:00:00.000000,0.096615951609085,NDWI
2025-02-02 00:00:00.000000,0.12883858234049522,NDWI
2025-02-18 00:00:00.000000,0.1315913226100051,NDWI
2025-03-06 00:00:00.000000,0.1157865140891526,NDWI
2025-03-22 00:00:00.000000,0.09573697913341818,NDWI
2025-04-07 00:00:00.000000,0.1486250642211077,NDWI
2025-04-23 00:00:00.000000,0.10030920836650101,NDWI
2025-05-09 00:00:00.000000,0.13965266103901386,NDWI
2025-05-25 00:00:00.000000,0.09215947043435638,NDWI
2019-01-01 00:00:00.000000,0.6919526894318248,SAVI
2019-01-17 00:00:00.000000,1.000436990683355,SAVI
2019-02-02 00:00:00.000000,0.9472796293855801,SAVI
2019-02-18 00:00:00.000000,1.012851597616269,SAVI
2019-03-06 00:00:00.000000,1.0740227580828796,SAVI
2019-03-22 00:00:00.000000,1.0160572288094258,SAVI
2019-04-07 00:00:00.000000,1.0925333952429388,SAVI
2019-04-23 00:00:00.000000,0.9071773956467147,SAVI
2019-05-09 00:00:00.000000,1.0745930899342102,SAVI
2019-05-25 00:00:00.000000,0.8618754528871992,SAVI
2019-06-10 00:00:00.000000,0.7764692700810407,SAVI
2019-06-26 00:00:00.000000,1.032998239267416,SAVI
2019-07-12 00:00:00.000000,1.0403702204896152,SAVI
2019-07-28 00:00:00.000000,0.9664119155081254,SAVI
2019-08-13 00:00:00.000000,0.9117123694012638,SAVI
2019-08-29 00:00:00.000000,0.8867633939708743,SAVI
2019-09-14 00:00:00.000000,0.7880959951129739,SAVI
2019-09-30 00:00:00.000000,0.5042485523254615,SAVI
2019-10-16 00:00:00.000000,0.7323164058897331,SAVI
2019-11-01 00:00:00.000000,0.9107240544983617,SAVI
2019-11-17 00:00:00.000000,0.03464324325771394,SAVI
2019-12-03 00:00:00.000000,0.6045622524140613,SAVI
2019-12-19 00:00:00.000000,0.6428631770772448,SAVI
2020-01-01 00:00:00.000000,0.8330675263696272,SAVI
2020-01-17 00:00:00.000000,0.057759169946141664,SAVI
2020-02-02 00:00:00.000000,0.7415169558906276,SAVI
2020-02-18 00:00:00.000000,0.5672217618815982,SAVI
2020-03-05 00:00:00.000000,0.662520473668286,SAVI
2020-03-21 00:00:00.000000,0.9491934148540621,SAVI
2020-04-06 00:00:00.000000,0.49533835794453684,SAVI
2020-04-22 00:00:00.000000,0.895623347998646,SAVI
2020-05-08 00:00:00.000000,1.0113502222506623,SAVI
2020-05-24 00:00:00.000000,1.0847295704936306,SAVI
2020-06-09 00:00:00.000000,1.0414206315134649,SAVI
2020-06-25 00:00:00.000000,1.081179851747187,SAVI
2020-07-11 00:00:00.000000,0.9764794403657249,SAVI
2020-07-27 00:00:00.000000,0.7414066935425963,SAVI
2020-08-12 00:00:00.000000,0.9869367678026315,SAVI
2020-08-28 00:00:00.000000,0.9088680692082736,SAVI
2020-09-13 00:00:00.000000,0.8270750962513611,SAVI
2020-09-29 00:00:00.000000,0.8395836238955577,SAVI
2020-10-15 00:00:00.000000,0.1901588254184382,SAVI
2020-10-31 00:00:00.000000,0.5464152811677137,SAVI
2020-11-16 00:00:00.000000,0.5534266424333231,SAVI
2020-12-02 00:00:00.000000,1.0197231521173131,SAVI
2020-12-18 00:00:00.000000,0.6441920458025608,SAVI
2021-01-01 00:00:00.000000,0.017617866078919072,SAVI
2021-01-17 00:00:00.000000,1.0035208301514913,SAVI
2021-02-02 00:00:00.000000,0.6471165296008945,SAVI
2021-02-18 00:00:00.000000,0.8576249618490593,SAVI
2021-03-06 00:00:00.000000,0.06755531928162929,SAVI
2021-03-22 00:00:00.000000,0.9976073161265603,SAVI
2021-04-07 00:00:00.000000,0.9801564005211351,SAVI
2021-04-23 00:00:00.000000,1.0131791299148578,SAVI
2021-05-09 00:00:00.000000,0.3724699801270081,SAVI
2021-05-25 00:00:00.000000,0.9894114304031753,SAVI
2021-06-10 00:00:00.000000,0.9486875255029505,SAVI
2021-06-26 00:00:00.000000,0.6868728475542455,SAVI
2021-07-12 00:00:00.000000,0.9157971747958638,SAVI
2021-07-28 00:00:00.000000,0.8534593513229717,SAVI
2021-08-13 00:00:00.000000,0.8100832138168128,SAVI
2021-08-29 00:00:00.000000,0.8182148911060348,SAVI
2021-09-14 00:00:00.000000,0.7560494306390071,SAVI
2021-09-30 00:00:00.000000,0.7973620710756903,SAVI
2021-10-16 00:00:00.000000,-0.02052110465784708,SAVI
2021-11-01 00:00:00.000000,0.230873536958494,SAVI
2021-11-17 00:00:00.000000,0.5340679344849607,SAVI
2021-12-03 00:00:00.000000,0.026800090930086413,SAVI
2021-12-19 00:00:00.000000,0.4247435796152052,SAVI
2022-01-01 00:00:00.000000,0.3784496085938173,SAVI
2022-01-17 00:00:00.000000,0.7306285148307434,SAVI
2022-02-02 00:00:00.000000,0.29886627054096554,SAVI
2022-02-18 00:00:00.000000,0.6972311996734426,SAVI
2022-03-06 00:00:00.000000,0.8611216027155986,SAVI
2022-03-22 00:00:00.000000,0.06620009572264517,SAVI
2022-04-07 00:00:00.000000,0.6615955861139469,SAVI
2022-04-23 00:00:00.000000,1.019606459655303,SAVI
2022-05-09 00:00:00.000000,1.0355808290295978,SAVI
2022-05-25 00:00:00.000000,0.965894320417881,SAVI
2022-06-10 00:00:00.000000,0.9846313845724392,SAVI
2022-06-26 00:00:00.000000,0.8670525797767172,SAVI
2022-07-12 00:00:00.000000,0.870231911274154,SAVI
2022-07-28 00:00:00.000000,0.8916953807900555,SAVI
2022-08-13 00:00:00.000000,0.8640055626965891,SAVI
2022-08-29 00:00:00.000000,0.7675907528013481,SAVI
2022-09-14 00:00:00.000000,0.44261578566942533,SAVI
2022-09-30 00:00:00.000000,0.659962532657843,SAVI
2022-10-16 00:00:00.000000,0.34152964532113417,SAVI
2022-11-01 00:00:00.000000,0.3343117653967427,SAVI
2022-11-17 00:00:00.000000,0.9034754196468812,SAVI
2022-12-03 00:00:00.000000,0.6088990490445603,SAVI
2022-12-19 00:00:00.000000,0.08419615893218296,SAVI
2023-01-01 00:00:00.000000,0.620183966999724,SAVI
2023-01-17 00:00:00.000000,0.409756999858363,SAVI
2023-02-02 00:00:00.000000,0.8833033824863921,SAVI
2023-02-18 00:00:00.000000,0.6327693620851907,SAVI
2023-03-06 00:00:00.000000,0.5869046605946026,SAVI
2023-03-22 00:00:00.000000,1.0418412166879105,SAVI
2023-04-07 00:00:00.000000,1.0116823345593466,SAVI
2023-04-23 00:00:00.000000,1.0391741667905807,SAVI
2023-05-09 00:00:00.000000,1.046810937557823,SAVI
2023-05-25 00:00:00.000000,0.9765235460640007,SAVI
2023-06-10 00:00:00.000000,1.0036898586439003,SAVI
2023-06-26 00:00:00.000000,0.9697331942850785,SAVI
2023-07-12 00:00:00.000000,0.8964036500926688,SAVI
2023-07-28 00:00:00.000000,0.9242282214341005,SAVI
2023-08-13 00:00:00.000000,0.7528834438563331,SAVI
2023-08-29 00:00:00.000000,0.2737786240873625,SAVI
2023-09-14 00:00:00.000000,0.8455487337047711,SAVI
2023-09-30 00:00:00.000000,0.04507816443483833,SAVI
2023-10-16 00:00:00.000000,0.29596852978531923,SAVI
2023-11-01 00:00:00.000000,0.9354867076057964,SAVI
2023-11-17 00:00:00.000000,0.004019964212724455,SAVI
2023-12-03 00:00:00.000000,0.8071329535443345,SAVI
2023-12-19 00:00:00.000000,0.8198453888162637,SAVI
2024-01-01 00:00:00.000000,0.38136077428881177,SAVI
2024-01-17 00:00:00.000000,0.7549850123242167,SAVI
2024-02-02 00:00:00.000000,0.8239061706867039,SAVI
2024-02-18 00:00:00.000000,0.7283953041081981,SAVI
2024-03-05 00:00:00.000000,0.8434514981519383,SAVI
2024-03-21 00:00:00.000000,0.5688735878558704,SAVI
2024-04-06 00:00:00.000000,0.991306721827348,SAVI
2024-04-22 00:00:00.000000,1.065794189338085,SAVI
2024-05-08 00:00:00.000000,1.0496856495857028,SAVI
2024-05-24 00:00:00.000000,1.0377069666116634,SAVI
2024-06-09 00:00:00.000000,1.029825549491408,SAVI
2024-06-25 00:00:00.000000,0.985519943820995,SAVI
2024-07-11 00:00:00.000000,0.9492266747466044,SAVI
2024-07-27 00:00:00.000000,0.537574255967744,SAVI
2024-08-12 00:00:00.000000,0.9050135045169126,SAVI
2024-08-28 00:00:00.000000,0.8438562517622991,SAVI
2024-09-13 00:00:00.000000,0.7622686394170654,SAVI
2024-09-29 00:00:00.000000,0.5735698863681922,SAVI
2024-10-15 00:00:00.000000,0.008669205549560952,SAVI
2024-10-31 00:00:00.000000,0.023593896561440626,SAVI
2024-11-16 00:00:00.000000,0.7683242619982129,SAVI
2024-12-02 00:00:00.000000,0.6784768238646024,SAVI
2024-12-18 00:00:00.000000,0.5709240507639547,SAVI
2025-01-01 00:00:00.000000,0.45795168702333733,SAVI
2025-01-17 00:00:00.000000,0.874768455380834,SAVI
2025-02-02 00:00:00.000000,0.9226881655805568,SAVI
2025-02-18 00:00:00.000000,0.7601676959256569,SAVI
2025-03-06 00:00:00.000000,0.7205399878596341,SAVI
2025-03-22 00:00:00.000000,0.5216886252628397,SAVI
2025-04-07 00:00:00.000000,0.8776373606981659,SAVI
2025-04-23 00:00:00.000000,0.3016027737402142,SAVI
2025-05-09 00:00:00.000000,0.8214607852480874,SAVI
2025-05-25 00:00:00.000000,0.7643236623800163,SAVI
